08/31/25 - 16:36 ;		 Model;OuterFold;HP;Epoch;TrainLoss;TrainAcc;ValLoss;ValAcc;AUC;Brier;EMA_ValLoss;LR;NoImprove;LrDrop;EsTriggered;BestValLoss;BestEpoch
08/31/25 - 16:37 ;		 MultiViewCNN;1;11;0;0.69098879271243;0.5662650602409639;0.6880049467086792;0.8;0.88;0.2474289547766662;0.6880049467086792;0.0002;0;0;0;0.6880049467086792;0
08/31/25 - 16:38 ;		 MultiViewCNN;1;11;1;0.6798387435545404;0.6506024096385542;0.6772641181945801;0.9;0.9600000000000001;0.24206060487202405;0.6847826981544494;0.0002;0;0;0;0.6772641181945801;1
08/31/25 - 16:38 ;		 MultiViewCNN;1;11;2;0.6736558309520584;0.6867469879518072;0.6666294574737549;0.7;0.92;0.23678862829957065;0.679336725950241;0.0002;0;0;0;0.6666294574737549;2
08/31/25 - 16:39 ;		 MultiViewCNN;1;11;3;0.6563351592385626;0.6626506024096386;0.6632051348686219;0.6;0.88;0.23520458849908793;0.6744972486257552;0.0002;0;0;0;0.6632051348686219;3
08/31/25 - 16:40 ;		 MultiViewCNN;1;11;4;0.6499067537755852;0.6385542168674698;0.662507426738739;0.6;0.76;0.23504820529242468;0.6709003020596502;0.0002;0;0;0;0.662507426738739;4
08/31/25 - 16:40 ;		 MultiViewCNN;1;11;5;0.6515722447131054;0.6746987951807228;0.6573464691638946;0.6;0.76;0.23261514945786105;0.6668341521909236;0.0002;0;0;0;0.6573464691638946;5
08/31/25 - 16:41 ;		 MultiViewCNN;1;11;6;0.6486546253583517;0.6987951807228916;0.6464394330978394;0.6;0.8400000000000001;0.22719070065202346;0.6607157364629983;0.0002;0;0;0;0.6464394330978394;6
08/31/25 - 16:41 ;		 MultiViewCNN;1;11;7;0.6333127416760088;0.6746987951807228;0.6427073538303375;0.6;0.8400000000000001;0.22543851285498562;0.6553132216732;0.0002;0;0;0;0.6427073538303375;7
08/31/25 - 16:42 ;		 MultiViewCNN;1;11;8;0.6313442257513483;0.6867469879518072;0.6339421510696411;0.7;0.92;0.2210131796242032;0.6489019004921324;0.0002;0;0;0;0.6339421510696411;8
08/31/25 - 16:42 ;		 MultiViewCNN;1;11;9;0.6230572138924196;0.6987951807228916;0.6318220973014832;0.7;0.88;0.2202733972891374;0.6437779595349375;0.0002;0;0;0;0.6318220973014832;9
08/31/25 - 16:43 ;		 MultiViewCNN;1;11;10;0.6211635621197252;0.6987951807228916;0.6137871682643891;0.8;0.92;0.21113721231677926;0.634780722153773;0.0002;0;0;0;0.6137871682643891;10
08/31/25 - 16:43 ;		 MultiViewCNN;1;11;11;0.60607144703348;0.7710843373493976;0.6067776083946228;0.8;0.92;0.2075969953545508;0.6263797880260279;0.0002;0;0;0;0.6067776083946228;11
08/31/25 - 16:44 ;		 MultiViewCNN;1;11;12;0.6069378910294498;0.7349397590361446;0.59898362159729;0.8;0.92;0.20396705216634822;0.6181609380974065;0.0002;0;0;0;0.59898362159729;12
08/31/25 - 16:44 ;		 MultiViewCNN;1;11;13;0.5949492921312172;0.8313253012048193;0.5869112491607666;0.7;0.92;0.1978308483816013;0.6087860314164144;0.0002;0;0;0;0.5869112491607666;13
08/31/25 - 16:45 ;		 MultiViewCNN;1;11;14;0.5994694857712252;0.7228915662650602;0.5782587766647339;0.7;0.92;0.19368667747178617;0.5996278549909102;0.0002;0;0;0;0.5782587766647339;14
08/31/25 - 16:45 ;		 MultiViewCNN;1;11;15;0.5745104457958635;0.7710843373493976;0.5700045168399811;0.7;0.92;0.1899117617221558;0.5907408535456314;0.0002;0;0;0;0.5700045168399811;15
08/31/25 - 16:46 ;		 MultiViewCNN;1;11;16;0.5950302596551826;0.7469879518072289;0.5567651510238647;0.9;0.92;0.18357640182566462;0.5805481427891014;0.0002;0;0;0;0.5567651510238647;16
08/31/25 - 16:46 ;		 MultiViewCNN;1;11;17;0.5586918588862362;0.7951807228915663;0.5470532715320587;0.8;0.9600000000000001;0.1788187280364461;0.5704996814119886;0.0002;0;0;0;0.5470532715320587;17
08/31/25 - 16:47 ;		 MultiViewCNN;1;11;18;0.5744103566709772;0.7228915662650602;0.5381864845752716;0.8;0.92;0.17523163475985007;0.5608057223609735;0.0002;0;0;0;0.5381864845752716;18
08/31/25 - 16:47 ;		 MultiViewCNN;1;11;19;0.5444663770227547;0.8433734939759037;0.5309365153312683;0.9;0.9600000000000001;0.17178526133204935;0.5518449602520619;0.0002;0;0;0;0.5309365153312683;19
08/31/25 - 16:48 ;		 MultiViewCNN;1;11;20;0.5504737410200647;0.7710843373493976;0.5380628824234008;0.8;0.9600000000000001;0.17570916629747665;0.5477103369034635;0.0002;0;0;0;0.5380628824234008;20
08/31/25 - 16:48 ;		 MultiViewCNN;1;11;21;0.5476139424795128;0.7831325301204819;0.5062039732933045;0.9;0.9600000000000001;0.16041363884164078;0.5352584278204158;0.0002;0;0;0;0.5062039732933045;21
08/31/25 - 16:49 ;		 MultiViewCNN;1;11;22;0.5394201278686523;0.7831325301204819;0.510496973991394;0.8;0.88;0.16407746652940833;0.5278299916717092;0.0002;0;0;0;0.510496973991394;22
08/31/25 - 16:49 ;		 MultiViewCNN;1;11;23;0.5146830631307808;0.8072289156626506;0.4828792095184326;0.9;0.92;0.15040202013932275;0.5143447570257262;0.0002;0;0;0;0.4828792095184326;23
08/31/25 - 16:50 ;		 MultiViewCNN;1;11;24;0.5035156341920416;0.8433734939759037;0.4938229560852051;0.8;0.9600000000000001;0.15657974084034534;0.5081882167435698;0.0002;0;0;0;0.4938229560852051;24
08/31/25 - 16:50 ;		 MultiViewCNN;1;11;25;0.49529670520001146;0.8313253012048193;0.4770780563354492;0.8;0.92;0.14851109478067812;0.49885516862113366;0.0002;0;0;0;0.4770780563354492;25
08/31/25 - 16:51 ;		 MultiViewCNN;1;11;26;0.465996756252036;0.8433734939759037;0.46322365999221804;0.8;1.0;0.14398008655288203;0.48816571603245895;0.0002;0;0;0;0.46322365999221804;26
08/31/25 - 16:51 ;		 MultiViewCNN;1;11;27;0.4843623961310789;0.8072289156626506;0.42351168394088745;1.0;1.0;0.12515543292647474;0.4687695064049875;0.0002;0;0;0;0.42351168394088745;27
08/31/25 - 16:52 ;		 MultiViewCNN;1;11;28;0.4957033183919378;0.7951807228915663;0.39273071885108946;0.9;0.9600000000000001;0.11291362535549221;0.44595787013881805;0.0002;0;0;0;0.39273071885108946;28
08/31/25 - 16:52 ;		 MultiViewCNN;1;11;29;0.45285117518470946;0.8554216867469879;0.3980371832847595;0.9;1.0;0.11479415616353547;0.43158166408260046;0.0002;0;0;0;0.3980371832847595;29
08/31/25 - 16:53 ;		 MultiViewCNN;1;11;30;0.474470480737916;0.8313253012048193;0.3979295909404755;0.9;0.92;0.11635307772355072;0.42148604213996294;0.0002;0;0;0;0.3979295909404755;30
08/31/25 - 16:53 ;		 MultiViewCNN;1;11;31;0.4414967391864363;0.8313253012048193;0.4057151973247528;0.8;0.9600000000000001;0.1230868845314215;0.4167547886953999;0.0002;0;0;0;0.4057151973247528;31
08/31/25 - 16:54 ;		 MultiViewCNN;1;11;32;0.446390613734004;0.8554216867469879;0.5172211170196533;0.7;0.9600000000000001;0.1812625359451437;0.4468946871926759;0.0002;1;0;0;0.4057151973247528;31
08/31/25 - 16:54 ;		 MultiViewCNN;1;11;33;0.40537873664534235;0.9036144578313253;0.37412688732147215;0.9;1.0;0.10617020669197101;0.4250643472313147;0.0002;2;0;0;0.4057151973247528;31
08/31/25 - 16:55 ;		 MultiViewCNN;1;11;34;0.38154223812631816;0.9156626506024096;0.34708390235900877;0.9;1.0;0.09576643192721894;0.40167021376962286;0.0002;0;0;0;0.34708390235900877;34
08/31/25 - 16:55 ;		 MultiViewCNN;1;11;35;0.40745134525988475;0.9036144578313253;0.37158435583114624;0.9;1.0;0.11095444098224445;0.3926444563880798;0.0002;0;0;0;0.37158435583114624;35
08/31/25 - 16:56 ;		 MultiViewCNN;1;11;36;0.40408636862973135;0.8554216867469879;0.35468915700912473;0.9;1.0;0.10117456662541971;0.38125786657439326;0.0002;0;0;0;0.35468915700912473;36
08/31/25 - 16:57 ;		 MultiViewCNN;1;11;37;0.40093271165009003;0.8554216867469879;0.34856094121932985;0.9;1.0;0.09966548961504233;0.3714487889678742;0.0002;0;0;0;0.34856094121932985;37
08/31/25 - 16:57 ;		 MultiViewCNN;1;11;38;0.35518255722091857;0.927710843373494;0.32063513398170473;0.9;1.0;0.08801590076276533;0.3562046924720233;0.0002;0;0;0;0.32063513398170473;38
08/31/25 - 16:58 ;		 MultiViewCNN;1;11;39;0.3935274014990014;0.8433734939759037;0.2991010159254074;0.9;1.0;0.08384054915602097;0.3390735895080385;0.0002;0;0;0;0.2991010159254074;39
08/31/25 - 16:58 ;		 MultiViewCNN;1;11;40;0.36400407444999877;0.891566265060241;0.3355639100074768;0.9;1.0;0.09733593888465303;0.33802068565786997;0.0002;0;0;0;0.3355639100074768;40
08/31/25 - 16:59 ;		 MultiViewCNN;1;11;41;0.34939226867204687;0.9156626506024096;0.2997120201587677;1.0;1.0;0.08228443220247172;0.32652808600813926;0.0002;0;0;0;0.2997120201587677;41
08/31/25 - 16:59 ;		 MultiViewCNN;1;11;42;0.3395479881619833;0.8674698795180723;0.3070406079292297;1.0;1.0;0.08473563128197512;0.32068184258446636;0.0002;0;0;0;0.3070406079292297;42
08/31/25 - 17:00 ;		 MultiViewCNN;1;11;43;0.3333101103822869;0.8795180722891566;0.255802196264267;1.0;1.0;0.06553673845679428;0.3012179486884065;0.0002;0;0;0;0.255802196264267;43
08/31/25 - 17:00 ;		 MultiViewCNN;1;11;44;0.3078958973827132;0.9397590361445783;0.35097785443067553;0.9;1.0;0.10945568038411801;0.3161459204110872;0.0002;1;0;0;0.255802196264267;43
08/31/25 - 17:01 ;		 MultiViewCNN;1;11;45;0.32462681811976146;0.9036144578313253;0.2874020799994469;0.9;1.0;0.08395330386670916;0.30752276828759506;0.0002;2;0;0;0.255802196264267;43
08/31/25 - 17:01 ;		 MultiViewCNN;1;11;46;0.29863860485065413;0.9156626506024096;0.3258360601961613;0.9;1.0;0.09916269484514575;0.3130167558601649;0.0002;3;0;0;0.255802196264267;43
08/31/25 - 17:02 ;		 MultiViewCNN;1;11;47;0.29644288284232817;0.9036144578313253;0.309294593334198;0.9;1.0;0.09354287492744613;0.3119001071023748;0.0002;4;0;0;0.255802196264267;43
08/31/25 - 17:02 ;		 MultiViewCNN;1;11;48;0.26520128027502315;0.9518072289156626;0.356265652179718;0.8;1.0;0.11283633722910473;0.32520977062557777;0.0001;5;1;0;0.255802196264267;43
08/31/25 - 17:03 ;		 MultiViewCNN;1;11;49;0.3392647300139967;0.8554216867469879;0.254841685295105;0.9;1.0;0.0688092012317996;0.30409934502643593;0.0001;6;0;0;0.255802196264267;43
08/31/25 - 17:03 ;		 MultiViewCNN;1;12;0;0.6756474418812487;0.6626506024096386;0.6769720554351807;0.6;0.8;0.24191953743247438;0.6769720554351807;0.0005;0;0;0;0.6769720554351807;0
08/31/25 - 17:04 ;		 MultiViewCNN;1;12;1;0.657791586525469;0.6626506024096386;0.6613757491111756;0.7;0.8;0.23417807181264322;0.6722931635379791;0.0005;0;0;0;0.6613757491111756;1
08/31/25 - 17:04 ;		 MultiViewCNN;1;12;2;0.6461124542247818;0.6987951807228916;0.6482817769050598;0.8;0.76;0.2279650431529147;0.6650897475481032;0.0005;0;0;0;0.6482817769050598;2
08/31/25 - 17:05 ;		 MultiViewCNN;1;12;3;0.6316873650234865;0.6746987951807228;0.6333771586418152;0.7;0.76;0.22105588731150733;0.6555759708762168;0.0005;0;0;0;0.6333771586418152;3
08/31/25 - 17:06 ;		 MultiViewCNN;1;12;4;0.5953610859003412;0.7228915662650602;0.6256860494613647;0.7;0.76;0.21779539934702558;0.6466089944517611;0.0005;0;0;0;0.6256860494613647;4
08/31/25 - 17:06 ;		 MultiViewCNN;1;12;5;0.5826767043895033;0.7710843373493976;0.6084996700286865;0.6;0.76;0.21019820069803563;0.6351761971248386;0.0005;0;0;0;0.6084996700286865;5
08/31/25 - 17:06 ;		 MultiViewCNN;1;12;6;0.5728376062519579;0.7108433734939759;0.6450867176055908;0.7;0.76;0.22805023813802477;0.6381493532690643;0.0005;1;0;0;0.6084996700286865;5
08/31/25 - 17:07 ;		 MultiViewCNN;1;12;7;0.5360482421266027;0.8192771084337349;0.6222872018814087;0.6;0.76;0.2177898325042082;0.6333907078527676;0.0005;2;0;0;0.6084996700286865;5
08/31/25 - 17:08 ;		 MultiViewCNN;1;12;8;0.5267409186765372;0.7831325301204819;0.60063316822052;0.6;0.76;0.20868243666616423;0.6235634459630933;0.0005;0;0;0;0.60063316822052;8
08/31/25 - 17:08 ;		 MultiViewCNN;1;12;9;0.5018490786293903;0.8072289156626506;0.5606533527374268;0.7;0.8;0.19132930511729782;0.6046904179953934;0.0005;0;0;0;0.5606533527374268;9
08/31/25 - 17:09 ;		 MultiViewCNN;1;12;10;0.5085347758000156;0.8072289156626506;0.5493134379386901;0.6;0.8;0.18801304034702196;0.5880773239783823;0.0005;0;0;0;0.5493134379386901;10
08/31/25 - 17:09 ;		 MultiViewCNN;1;12;11;0.4567701935049999;0.8192771084337349;0.5633929133415222;0.7;0.8;0.19398722533229049;0.5806720007873243;0.0005;0;0;0;0.5633929133415222;11
08/31/25 - 17:10 ;		 MultiViewCNN;1;12;12;0.45309160990887376;0.8674698795180723;0.548162829875946;0.7;0.8;0.1888715967906009;0.5709192495139108;0.0005;0;0;0;0.548162829875946;12
08/31/25 - 17:10 ;		 MultiViewCNN;1;12;13;0.48460467752203884;0.7710843373493976;0.5709070920944214;0.7;0.8800000000000001;0.2015392387588931;0.5709156022880639;0.0005;1;0;0;0.548162829875946;12
08/31/25 - 17:11 ;		 MultiViewCNN;1;12;14;0.44047735900764007;0.8313253012048193;0.49223995208740234;0.6;0.8800000000000001;0.1717781076766807;0.5473129072278654;0.0005;0;0;0;0.49223995208740234;14
08/31/25 - 17:12 ;		 MultiViewCNN;1;12;15;0.4291015156062253;0.8192771084337349;0.5386078715324402;0.8;0.8;0.1824062280635336;0.5447013965192378;0.0005;1;0;0;0.49223995208740234;14
08/31/25 - 17:12 ;		 MultiViewCNN;1;12;16;0.35521502361958285;0.8795180722891566;0.5567171573638916;0.6;0.8;0.19772097436587227;0.5483061247726339;0.0005;2;0;0;0.49223995208740234;14
08/31/25 - 17:13 ;		 MultiViewCNN;1;12;17;0.45332721198897763;0.8192771084337349;0.8357531547546386;0.7;0.8800000000000001;0.2748985031502708;0.6345402337672352;0.0005;3;0;0;0.49223995208740234;14
08/31/25 - 17:13 ;		 MultiViewCNN;1;12;18;0.4162713899669877;0.8433734939759037;0.4768435835838318;0.7;0.8800000000000001;0.16731923328923298;0.5872312387122142;0.0005;4;0;0;0.49223995208740234;14
08/31/25 - 17:14 ;		 MultiViewCNN;1;12;19;0.41186201051775234;0.8313253012048193;0.43762866258621214;0.8;0.8800000000000001;0.14508744045229177;0.5423504658744136;0.0005;0;0;0;0.43762866258621214;19
08/31/25 - 17:14 ;		 MultiViewCNN;1;12;20;0.3972592483083886;0.8313253012048193;0.5250734210014343;0.7;0.8800000000000001;0.18950385562240027;0.5371673524125198;0.0005;0;0;0;0.5250734210014343;20
08/31/25 - 17:15 ;		 MultiViewCNN;1;12;21;0.3994090356022479;0.8192771084337349;0.49426186084747314;0.7;0.8800000000000001;0.1796617733452095;0.5242957049430058;0.0005;0;0;0;0.49426186084747314;21
08/31/25 - 17:15 ;		 MultiViewCNN;1;12;22;0.34619033587984294;0.8554216867469879;0.7668618321418762;0.6;0.8800000000000001;0.24650151026357117;0.5970655431026669;0.0005;1;0;0;0.49426186084747314;21
08/31/25 - 17:16 ;		 MultiViewCNN;1;12;23;0.368205490959696;0.7951807228915663;0.5458818078041077;0.7;0.8800000000000001;0.19793598107860458;0.5817104225130991;0.0005;2;0;0;0.49426186084747314;21
08/31/25 - 17:16 ;		 MultiViewCNN;1;12;24;0.26730730644909734;0.9397590361445783;0.3402274787425995;0.9;0.8800000000000001;0.1077623829400409;0.5092655393819492;0.0005;0;0;0;0.3402274787425995;24
08/31/25 - 17:17 ;		 MultiViewCNN;1;12;25;0.3073658321995333;0.8554216867469879;0.3821628451347351;0.8;0.8800000000000001;0.12858457754213998;0.4711347311077849;0.0005;0;0;0;0.3821628451347351;25
08/31/25 - 17:17 ;		 MultiViewCNN;1;12;26;0.28925730916390935;0.9036144578313253;0.3875779151916504;0.7;0.8800000000000001;0.13193492940549215;0.4460676863329446;0.0005;0;0;0;0.3875779151916504;26
08/31/25 - 17:18 ;		 MultiViewCNN;1;12;27;0.30982122040656673;0.891566265060241;0.3937483072280884;0.6;0.8800000000000001;0.1429273069435372;0.4303718726014877;0.0005;0;0;0;0.3937483072280884;27
08/31/25 - 17:19 ;		 MultiViewCNN;1;12;28;0.292136547077133;0.891566265060241;0.3315111368894577;0.9;0.92;0.09974948275849924;0.40071365188787866;0.0005;0;0;0;0.3315111368894577;28
08/31/25 - 17:19 ;		 MultiViewCNN;1;12;29;0.27487222742603484;0.891566265060241;0.37681654542684556;0.9;0.8800000000000001;0.10986874720722314;0.3935445199495687;0.0005;0;0;0;0.37681654542684556;29
08/31/25 - 17:20 ;		 MultiViewCNN;1;12;30;0.30126877542001657;0.8674698795180723;0.2710213899612427;0.9;1.0;0.08516721790252012;0.3567875809530709;0.0005;0;0;0;0.2710213899612427;30
08/31/25 - 17:20 ;		 MultiViewCNN;1;12;31;0.31690252042678463;0.8674698795180723;0.6412910938262939;0.7;0.92;0.22572980643385207;0.4421386348150378;0.0005;1;0;0;0.2710213899612427;30
08/31/25 - 17:21 ;		 MultiViewCNN;1;12;32;0.24048269082264728;0.9036144578313253;0.328930652141571;0.9;0.92;0.0977180314046582;0.40817624001299774;0.0005;2;0;0;0.2710213899612427;30
08/31/25 - 17:21 ;		 MultiViewCNN;1;12;33;0.2927390085645469;0.8674698795180723;0.2389584183692932;0.9;1.0;0.07151672084376619;0.35741089351988636;0.0005;3;0;0;0.2710213899612427;30
08/31/25 - 17:22 ;		 MultiViewCNN;1;12;34;0.2638009775833911;0.9156626506024096;0.33377119302749636;0.9;0.92;0.10062649215738242;0.3503189833721693;0.0005;0;0;0;0.33377119302749636;34
08/31/25 - 17:22 ;		 MultiViewCNN;1;12;35;0.22096474809818958;0.9156626506024096;0.49756072759628295;0.7;0.8800000000000001;0.18847673847049318;0.39449150663940336;0.0005;1;0;0;0.33377119302749636;34
08/31/25 - 17:23 ;		 MultiViewCNN;1;12;36;0.25695827136556787;0.9036144578313253;0.46857945919036864;0.7;0.8800000000000001;0.16936059693876238;0.4167178924046929;0.0005;2;0;0;0.33377119302749636;34
08/31/25 - 17:23 ;		 MultiViewCNN;1;12;37;0.2412002128829439;0.9397590361445783;0.3318420797586441;0.9;0.92;0.09564447423099176;0.39125514861087823;0.0005;3;0;0;0.33377119302749636;34
08/31/25 - 17:24 ;		 MultiViewCNN;1;12;38;0.2146032326013209;0.9397590361445783;0.337167763710022;0.8;0.9600000000000001;0.11900372699405759;0.37502893314062136;0.0005;4;0;0;0.33377119302749636;34
08/31/25 - 17:25 ;		 MultiViewCNN;1;12;39;0.1793508219970278;0.9397590361445783;0.322632671892643;0.9;0.8800000000000001;0.09179520124057906;0.3593100547662278;0.00025;5;1;0;0.33377119302749636;34
08/31/25 - 17:25 ;		 MultiViewCNN;1;12;40;0.1968024087598525;0.9518072289156626;0.3106528162956238;0.8;0.92;0.11255777052122999;0.3447128832250466;0.00025;0;0;0;0.3106528162956238;40
08/31/25 - 17:26 ;		 MultiViewCNN;1;12;41;0.19977339276348252;0.927710843373494;0.3181238889694214;0.8;0.9600000000000001;0.11411412859668162;0.336736184948359;0.00025;0;0;0;0.3181238889694214;41
08/31/25 - 17:26 ;		 MultiViewCNN;1;12;42;0.21110399157167917;0.9397590361445783;0.21476474404335022;0.9;0.9600000000000001;0.06962135764406323;0.30014475267685636;0.00025;0;0;0;0.21476474404335022;42
08/31/25 - 17:27 ;		 MultiViewCNN;1;12;43;0.20125698612396975;0.927710843373494;0.19693089425563812;0.9;0.9600000000000001;0.061894401142288266;0.26918059515049086;0.00025;0;0;0;0.19693089425563812;43
08/31/25 - 17:27 ;		 MultiViewCNN;1;12;44;0.17864571924669198;0.9397590361445783;0.29574846029281615;0.9;0.9600000000000001;0.1010634526499437;0.27715095469318846;0.00025;1;0;0;0.19693089425563812;43
08/31/25 - 17:28 ;		 MultiViewCNN;1;12;45;0.2016814514456025;0.9518072289156626;0.32111982703208924;0.9;0.92;0.0928165585150196;0.29034161639485867;0.00025;2;0;0;0.19693089425563812;43
08/31/25 - 17:29 ;		 MultiViewCNN;1;12;46;0.11188590077750654;0.9759036144578314;0.2492162823677063;0.8;0.9600000000000001;0.08504663211857133;0.27800401618671294;0.00025;3;0;0;0.19693089425563812;43
08/31/25 - 17:29 ;		 MultiViewCNN;1;12;47;0.1721790493970894;0.9397590361445783;0.20591902136802673;0.9;0.9600000000000001;0.06683294938851544;0.25637851774110704;0.00025;0;0;0;0.20591902136802673;47
08/31/25 - 17:30 ;		 MultiViewCNN;1;12;48;0.08500426500497094;0.9879518072289156;0.19272848069667817;0.9;1.0;0.06287531044942253;0.23728350662777836;0.00025;0;0;0;0.19272848069667817;48
08/31/25 - 17:30 ;		 MultiViewCNN;1;12;49;0.16500611926417752;0.9397590361445783;0.19066040515899657;0.9;1.0;0.06305605851499704;0.2232965761871438;0.00025;0;0;0;0.19066040515899657;49
08/31/25 - 17:50 ;		 MultiViewCNN;2;11;0;0.701727563358215;0.37349397590361444;0.6933897018432618;0.5;0.56;0.25012119461230664;0.6933897018432618;0.0002;0;0;0;0.6933897018432618;0
08/31/25 - 17:51 ;		 MultiViewCNN;2;11;1;0.6782431020794144;0.6385542168674698;0.6823844194412232;0.7;0.76;0.24462359774482723;0.6900881171226502;0.0002;0;0;0;0.6823844194412232;1
08/31/25 - 17:51 ;		 MultiViewCNN;2;11;2;0.6744926026068538;0.5662650602409639;0.6701915621757507;0.6;0.8;0.23858876526859135;0.6841191506385803;0.0002;0;0;0;0.6701915621757507;2
08/31/25 - 17:52 ;		 MultiViewCNN;2;11;3;0.665276220045894;0.6144578313253012;0.6622236013412476;0.5;0.8400000000000001;0.23481933542640832;0.6775504858493805;0.0002;0;0;0;0.6622236013412476;3
08/31/25 - 17:52 ;		 MultiViewCNN;2;11;4;0.6548629417476883;0.6024096385542169;0.6507071733474732;0.6;0.8400000000000001;0.22920779313540685;0.6694974920988083;0.0002;0;0;0;0.6507071733474732;4
08/31/25 - 17:53 ;		 MultiViewCNN;2;11;5;0.6505436473582165;0.6626506024096386;0.6471479415893555;0.6;0.8400000000000001;0.2275956679977064;0.6627926269459724;0.0002;0;0;0;0.6471479415893555;5
08/31/25 - 17:53 ;		 MultiViewCNN;2;11;6;0.6418860906577972;0.6987951807228916;0.6389653146266937;0.7;0.8400000000000001;0.22348627572657104;0.6556444332501887;0.0002;0;0;0;0.6389653146266937;6
08/31/25 - 17:54 ;		 MultiViewCNN;2;11;7;0.6372529045645013;0.7590361445783133;0.631968879699707;0.7;0.92;0.21977199103969766;0.6485417671850442;0.0002;0;0;0;0.631968879699707;7
08/31/25 - 17:54 ;		 MultiViewCNN;2;11;8;0.6330687339047352;0.6987951807228916;0.6300658106803894;0.7;0.92;0.21899667090410127;0.6429989802336478;0.0002;0;0;0;0.6300658106803894;8
08/31/25 - 17:55 ;		 MultiViewCNN;2;11;9;0.6311300712895681;0.6746987951807228;0.623891294002533;0.7;0.88;0.21588685738930424;0.6372666743643133;0.0002;0;0;0;0.623891294002533;9
08/31/25 - 17:55 ;		 MultiViewCNN;2;11;10;0.6236311735877071;0.7228915662650602;0.6205243945121766;0.7;0.8400000000000001;0.21417920626705395;0.6322439904086723;0.0002;0;0;0;0.6205243945121766;10
08/31/25 - 17:56 ;		 MultiViewCNN;2;11;11;0.6169425170105624;0.7349397590361446;0.6177752137184143;0.7;0.8400000000000001;0.21299873185179702;0.6279033574015949;0.0002;0;0;0;0.6177752137184143;11
08/31/25 - 17:56 ;		 MultiViewCNN;2;11;12;0.6014551944043263;0.7469879518072289;0.6165182709693908;0.7;0.88;0.21297152979137488;0.6244878314719335;0.0002;0;0;0;0.6165182709693908;12
08/31/25 - 17:57 ;		 MultiViewCNN;2;11;13;0.6067707114909069;0.7108433734939759;0.6032268881797791;0.7;0.8400000000000001;0.20625689983562207;0.6181095484842872;0.0002;0;0;0;0.6032268881797791;13
08/31/25 - 17:57 ;		 MultiViewCNN;2;11;14;0.5844054214925651;0.7349397590361446;0.5948583483695984;0.7;0.88;0.20233601454073274;0.6111341884498805;0.0002;0;0;0;0.5948583483695984;14
08/31/25 - 17:58 ;		 MultiViewCNN;2;11;15;0.5880193717508431;0.7108433734939759;0.584344744682312;0.7;0.8400000000000001;0.19681903043269394;0.60309735531961;0.0002;0;0;0;0.584344744682312;15
08/31/25 - 17:59 ;		 MultiViewCNN;2;11;16;0.5910795862416187;0.7831325301204819;0.5856865882873535;0.8;0.8;0.19754509805227077;0.597874125209933;0.0002;0;0;0;0.5856865882873535;16
08/31/25 - 17:59 ;		 MultiViewCNN;2;11;17;0.5545874194926527;0.7951807228915663;0.5766495823860168;0.8;0.8;0.19335551623768596;0.5915067623627581;0.0002;0;0;0;0.5766495823860168;17
08/31/25 - 18:00 ;		 MultiViewCNN;2;11;18;0.5477805055049528;0.8072289156626506;0.569387036561966;0.8;0.8;0.1900192490567388;0.5848708446225204;0.0002;0;0;0;0.569387036561966;18
08/31/25 - 18:00 ;		 MultiViewCNN;2;11;19;0.5546988230871867;0.8072289156626506;0.5634045362472534;0.8;0.8;0.18733666713873465;0.5784309521099402;0.0002;0;0;0;0.5634045362472534;19
08/31/25 - 18:01 ;		 MultiViewCNN;2;11;20;0.5262446916965117;0.8433734939759037;0.5651979088783264;0.7;0.8;0.18862029924885793;0.5744610391404561;0.0002;0;0;0;0.5651979088783264;20
08/31/25 - 18:01 ;		 MultiViewCNN;2;11;21;0.5491710387798677;0.8072289156626506;0.5566544651985168;0.8;0.8;0.18494669569814653;0.5691190669578743;0.0002;0;0;0;0.5566544651985168;21
08/31/25 - 18:02 ;		 MultiViewCNN;2;11;22;0.502894272287208;0.8554216867469879;0.5443334460258484;0.8;0.8;0.17927285909323037;0.5616833806782665;0.0002;0;0;0;0.5443334460258484;22
08/31/25 - 18:02 ;		 MultiViewCNN;2;11;23;0.5086089272096933;0.7951807228915663;0.5481501936912536;0.8;0.8;0.18181617878233347;0.5576234245821626;0.0002;0;0;0;0.5481501936912536;23
08/31/25 - 18:03 ;		 MultiViewCNN;2;11;24;0.5017000601952335;0.8433734939759037;0.5359990775585175;0.8;0.8;0.17550303767129335;0.5511361204750691;0.0002;0;0;0;0.5359990775585175;24
08/31/25 - 18:04 ;		 MultiViewCNN;2;11;25;0.5252813750720886;0.7951807228915663;0.5253283262252808;0.8;0.76;0.17168727524942382;0.5433937822001326;0.0002;0;0;0;0.5253283262252808;25
08/31/25 - 18:04 ;		 MultiViewCNN;2;11;26;0.5046277161104133;0.7831325301204819;0.5284652650356293;0.8;0.8;0.17409095287932036;0.5389152270507815;0.0002;0;0;0;0.5284652650356293;26
08/31/25 - 18:05 ;		 MultiViewCNN;2;11;27;0.4961408850658371;0.8433734939759037;0.5170453786849976;0.8;0.8;0.16804474672368033;0.5323542725410463;0.0002;0;0;0;0.5170453786849976;27
08/31/25 - 18:06 ;		 MultiViewCNN;2;11;28;0.5164035371987217;0.7590361445783133;0.5276498079299927;0.8;0.8800000000000001;0.1761942843543;0.5309429331577302;0.0002;1;0;0;0.5170453786849976;27
08/31/25 - 18:06 ;		 MultiViewCNN;2;11;29;0.49848208585417414;0.8192771084337349;0.46424384117126466;0.9;0.92;0.14556296367878868;0.5109332055617906;0.0002;0;0;0;0.46424384117126466;29
08/31/25 - 18:07 ;		 MultiViewCNN;2;11;30;0.4483227212745023;0.8313253012048193;0.4757387042045593;0.8;0.8400000000000001;0.15277057540084224;0.5003748551546212;0.0002;0;0;0;0.4757387042045593;30
08/31/25 - 18:07 ;		 MultiViewCNN;2;11;31;0.431516712688538;0.891566265060241;0.5396180868148803;0.7;0.8;0.1844791717683179;0.5121478246526989;0.0002;1;0;0;0.4757387042045593;30
08/31/25 - 18:08 ;		 MultiViewCNN;2;11;32;0.4417325940476843;0.8313253012048193;0.5373429775238037;0.7;0.8400000000000001;0.18233767256557154;0.5197063705140303;0.0002;2;0;0;0.4757387042045593;30
08/31/25 - 18:08 ;		 MultiViewCNN;2;11;33;0.42408631185451184;0.8674698795180723;0.4795466125011444;0.8;0.8400000000000001;0.15217313616514927;0.5076584431101645;0.0002;3;0;0;0.4757387042045593;30
08/31/25 - 18:10 ;		 MultiViewCNN;2;11;34;0.45016916006444446;0.8313253012048193;0.45723499059677125;0.8;0.8800000000000001;0.14333122143978422;0.49253140735614653;0.0002;0;0;0;0.45723499059677125;34
08/31/25 - 18:11 ;		 MultiViewCNN;2;11;35;0.43823386387652663;0.8192771084337349;0.46224657297134397;0.8;0.8400000000000001;0.14915503681864786;0.48344595704070575;0.0002;0;0;0;0.46224657297134397;35
08/31/25 - 18:11 ;		 MultiViewCNN;2;11;36;0.3890221517488181;0.891566265060241;0.4603135108947754;0.8;0.8400000000000001;0.14568879819257846;0.4765062231969266;0.0002;0;0;0;0.4603135108947754;36
08/31/25 - 18:12 ;		 MultiViewCNN;2;11;37;0.39974920254155816;0.8313253012048193;0.45162012577056887;0.8;0.8400000000000001;0.14460345006847947;0.4690403939690192;0.0002;0;0;0;0.45162012577056887;37
08/31/25 - 18:12 ;		 MultiViewCNN;2;11;38;0.40693442792777557;0.8433734939759037;0.4573222935199738;0.9;0.8800000000000001;0.143296640312719;0.4655249638343055;0.0002;0;0;0;0.4573222935199738;38
08/31/25 - 18:13 ;		 MultiViewCNN;2;11;39;0.3946563579949988;0.8674698795180723;0.4438438594341278;0.8;0.8400000000000001;0.1417712288105839;0.4590206325142522;0.0002;0;0;0;0.4438438594341278;39
08/31/25 - 18:14 ;		 MultiViewCNN;2;11;40;0.4294760155390544;0.8313253012048193;0.49603819847106934;0.7;0.8800000000000001;0.17016966826547397;0.4701259023012973;0.0002;1;0;0;0.4438438594341278;39
08/31/25 - 18:14 ;		 MultiViewCNN;2;11;41;0.3911750273532178;0.8554216867469879;0.4308266878128052;0.8;0.92;0.1381548640703754;0.4583361379547497;0.0002;2;0;0;0.4438438594341278;39
08/31/25 - 18:15 ;		 MultiViewCNN;2;11;42;0.3817253830921219;0.9036144578313253;0.42920573353767394;0.8;0.8800000000000001;0.13873929236779908;0.4495970166296269;0.0002;0;0;0;0.42920573353767394;42
08/31/25 - 18:15 ;		 MultiViewCNN;2;11;43;0.371565557387938;0.8795180722891566;0.4412954941391945;0.9;0.8800000000000001;0.13398954514609598;0.44710655988249715;0.0002;0;0;0;0.4412954941391945;43
08/31/25 - 18:16 ;		 MultiViewCNN;2;11;44;0.38269678889268854;0.8433734939759037;0.436478865146637;0.9;0.8800000000000001;0.1314263801926404;0.443918251461739;0.0002;0;0;0;0.436478865146637;44
08/31/25 - 18:17 ;		 MultiViewCNN;2;11;45;0.3865499413875212;0.8554216867469879;0.48708086013793944;0.7;0.8800000000000001;0.16791211010393292;0.45686703406459916;0.0002;1;0;0;0.436478865146637;44
08/31/25 - 18:17 ;		 MultiViewCNN;2;11;46;0.3892297915306436;0.8554216867469879;0.4429414510726929;0.7;0.92;0.14899549051276242;0.45268935916702724;0.0002;2;0;0;0.436478865146637;44
08/31/25 - 18:18 ;		 MultiViewCNN;2;11;47;0.3113212901425649;0.927710843373494;0.4319962799549103;0.9;0.8400000000000001;0.126855409419323;0.44648143540339214;0.0002;3;0;0;0.436478865146637;44
08/31/25 - 18:18 ;		 MultiViewCNN;2;11;48;0.3619582588414112;0.8674698795180723;0.39613497257232666;0.8;0.8400000000000001;0.12348045774705696;0.4313774965540724;0.0002;0;0;0;0.39613497257232666;48
08/31/25 - 18:19 ;		 MultiViewCNN;2;11;49;0.30778617708079786;0.8795180722891566;0.4273554563522339;0.7;0.92;0.14345035208134055;0.4301708844935208;0.0002;1;0;0;0.39613497257232666;48
08/31/25 - 18:19 ;		 MultiViewCNN;2;12;0;0.6896304883152605;0.5421686746987951;0.6896357536315918;0.6;0.68;0.2482454205639244;0.6896357536315918;0.0005;0;0;0;0.6896357536315918;0
08/31/25 - 18:20 ;		 MultiViewCNN;2;12;1;0.6743505367313523;0.5542168674698795;0.669795036315918;0.7;0.8;0.23835345448267448;0.6836835384368896;0.0005;0;0;0;0.669795036315918;1
08/31/25 - 18:21 ;		 MultiViewCNN;2;12;2;0.6580882883933653;0.7590361445783133;0.6495405912399292;0.7;0.84;0.22839168061625878;0.6734406542778014;0.0005;0;0;0;0.6495405912399292;2
08/31/25 - 18:21 ;		 MultiViewCNN;2;12;3;0.6423504661364727;0.6987951807228916;0.6315492630004883;0.7;0.84;0.21977619212912325;0.6608732368946074;0.0005;0;0;0;0.6315492630004883;3
08/31/25 - 18:22 ;		 MultiViewCNN;2;12;4;0.6277849200260208;0.7349397590361446;0.6094091296195984;0.8;0.8400000000000001;0.20907098684035832;0.6454340047121047;0.0005;0;0;0;0.6094091296195984;4
08/31/25 - 18:22 ;		 MultiViewCNN;2;12;5;0.62557970472129;0.6867469879518072;0.5967708945274353;0.7;0.8400000000000001;0.2039626150215299;0.6308350716567038;0.0005;0;0;0;0.5967708945274353;5
08/31/25 - 18:23 ;		 MultiViewCNN;2;12;6;0.6021985526544502;0.7710843373493976;0.5555806159973145;0.8;0.92;0.18320262801570147;0.608258734958887;0.0005;0;0;0;0.5555806159973145;6
08/31/25 - 18:23 ;		 MultiViewCNN;2;12;7;0.5736955684351633;0.8433734939759037;0.5329330921173095;0.9;0.9600000000000001;0.1721694662242082;0.5856610421064138;0.0005;0;0;0;0.5329330921173095;7
08/31/25 - 18:24 ;		 MultiViewCNN;2;12;8;0.5739636938255953;0.7469879518072289;0.5112397253513337;0.8;0.92;0.1631305596099198;0.5633346470798897;0.0005;0;0;0;0.5112397253513337;8
08/31/25 - 18:24 ;		 MultiViewCNN;2;12;9;0.5275716164025915;0.8192771084337349;0.4961694121360779;0.8;0.9600000000000001;0.1564456996411276;0.5431850765967461;0.0005;0;0;0;0.4961694121360779;9
08/31/25 - 18:25 ;		 MultiViewCNN;2;12;10;0.5178478995719588;0.8072289156626506;0.5124202728271484;0.8;0.8400000000000001;0.1658817501984001;0.5339556354658668;0.0005;0;0;0;0.5124202728271484;10
08/31/25 - 18:25 ;		 MultiViewCNN;2;12;11;0.5276860271591738;0.7831325301204819;0.44272418022155763;0.8;0.9600000000000001;0.1355710228272684;0.506586198892574;0.0005;0;0;0;0.44272418022155763;11
08/31/25 - 18:26 ;		 MultiViewCNN;2;12;12;0.5048654919647309;0.8192771084337349;0.5260035276412964;0.5;1.0;0.1826199027024597;0.5124113975171907;0.0005;1;0;0;0.44272418022155763;11
08/31/25 - 18:27 ;		 MultiViewCNN;2;12;13;0.47716104840657797;0.8795180722891566;0.42261975407600405;0.8;0.9600000000000001;0.13012022069535245;0.4854739044848347;0.0005;0;0;0;0.42261975407600405;13
08/31/25 - 18:27 ;		 MultiViewCNN;2;12;14;0.45579812576971857;0.8313253012048193;0.3814454317092896;0.9;0.9600000000000001;0.11200396337535456;0.4542653626521711;0.0005;0;0;0;0.3814454317092896;14
08/31/25 - 18:28 ;		 MultiViewCNN;2;12;15;0.4386046482137887;0.8554216867469879;0.40715166330337527;0.8;0.9600000000000001;0.12117864820103279;0.4401312528475323;0.0005;0;0;0;0.40715166330337527;15
08/31/25 - 18:28 ;		 MultiViewCNN;2;12;16;0.44253289986805744;0.8072289156626506;0.41244542598724365;0.7;1.0;0.13770019390435556;0.43182550478944565;0.0005;0;0;0;0.41244542598724365;16
08/31/25 - 18:29 ;		 MultiViewCNN;2;12;17;0.4120557301015739;0.8554216867469879;0.38714479804039004;0.8;0.92;0.11790951384556034;0.41842129276472895;0.0005;0;0;0;0.38714479804039004;17
08/31/25 - 18:29 ;		 MultiViewCNN;2;12;18;0.384470975542643;0.8554216867469879;0.3886421978473663;0.9;0.9600000000000001;0.11808301036404587;0.4094875642895201;0.0005;0;0;0;0.3886421978473663;18
08/31/25 - 18:30 ;		 MultiViewCNN;2;12;19;0.41020747193370954;0.8795180722891566;0.34770271480083464;0.9;0.92;0.10295699684966338;0.3909521094429145;0.0005;0;0;0;0.34770271480083464;19
08/31/25 - 18:30 ;		 MultiViewCNN;2;12;20;0.3782309620495302;0.8313253012048193;0.38499926328659057;0.8;1.0;0.12543294578331338;0.38916625559601725;0.0005;1;0;0;0.34770271480083464;19
08/31/25 - 18:31 ;		 MultiViewCNN;2;12;21;0.37669816577290915;0.8192771084337349;0.33071533143520354;0.8;0.9600000000000001;0.09973618482264572;0.3716309783477731;0.0005;0;0;0;0.33071533143520354;21
08/31/25 - 18:31 ;		 MultiViewCNN;2;12;22;0.4135492673839431;0.8192771084337349;0.3176818251609802;0.8;0.9600000000000001;0.10004477676458381;0.3554462323917352;0.0005;0;0;0;0.3176818251609802;22
08/31/25 - 18:32 ;		 MultiViewCNN;2;12;23;0.3997633018227945;0.8192771084337349;0.32725422382354735;0.9;1.0;0.10331410091495333;0.3469886298212788;0.0005;0;0;0;0.32725422382354735;23
08/31/25 - 18:32 ;		 MultiViewCNN;2;12;24;0.3974405448120761;0.8433734939759037;0.5198420234024524;0.8;1.0;0.16317881607292312;0.3988446478956309;0.0005;1;0;0;0.32725422382354735;23
08/31/25 - 18:33 ;		 MultiViewCNN;2;12;25;0.3365109149950096;0.8313253012048193;0.2651250422000885;0.9;1.0;0.07283826734582041;0.35872876618696814;0.0005;2;0;0;0.32725422382354735;23
08/31/25 - 18:34 ;		 MultiViewCNN;2;12;26;0.2922528529741678;0.9518072289156626;0.28110053241252897;0.9;1.0;0.08150281380506165;0.3354402960546364;0.0005;0;0;0;0.28110053241252897;26
08/31/25 - 18:34 ;		 MultiViewCNN;2;12;27;0.3688358484980572;0.8674698795180723;0.2595436930656433;0.9;0.9600000000000001;0.07310319372565399;0.31267131515793845;0.0005;0;0;0;0.2595436930656433;27
08/31/25 - 18:35 ;		 MultiViewCNN;2;12;28;0.29800647963960486;0.9036144578313253;0.29566694498062135;0.9;1.0;0.08674065138462057;0.30757000410474333;0.0005;0;0;0;0.29566694498062135;28
08/31/25 - 18:35 ;		 MultiViewCNN;2;12;29;0.31769402621381254;0.8795180722891566;0.3465036228299141;0.9;0.9600000000000001;0.10233262016433067;0.3192500897222945;0.0005;1;0;0;0.29566694498062135;28
08/31/25 - 18:36 ;		 MultiViewCNN;2;12;30;0.31816457894193123;0.8674698795180723;0.2969494268298149;0.9;0.92;0.0896607546312714;0.3125598908545506;0.0005;2;0;0;0.29566694498062135;28
08/31/25 - 18:36 ;		 MultiViewCNN;2;12;31;0.2730134651962533;0.891566265060241;0.2576331913471222;0.9;0.9600000000000001;0.07432090341936752;0.2960818810023221;0.0005;0;0;0;0.2576331913471222;31
08/31/25 - 18:37 ;		 MultiViewCNN;2;12;32;0.25039650984557277;0.9156626506024096;0.33299301862716674;0.9;0.9600000000000001;0.11108191110308101;0.3071552222897755;0.0005;1;0;0;0.2576331913471222;31
08/31/25 - 18:37 ;		 MultiViewCNN;2;12;33;0.28868750527680637;0.891566265060241;0.4581093147397041;0.9;0.8800000000000001;0.11978329525968652;0.352441450024754;0.0005;2;0;0;0.2576331913471222;31
08/31/25 - 18:38 ;		 MultiViewCNN;2;12;34;0.3390150515429945;0.891566265060241;0.3229187667369843;0.9;0.92;0.1021268830363821;0.3435846450384231;0.0005;3;0;0;0.2576331913471222;31
08/31/25 - 18:39 ;		 MultiViewCNN;2;12;35;0.25233464571366826;0.927710843373494;0.4552029699087143;0.9;0.8800000000000001;0.11303905635660846;0.37707014249951043;0.0005;4;0;0;0.2576331913471222;31
08/31/25 - 18:39 ;		 MultiViewCNN;2;12;36;0.2722955258136772;0.927710843373494;0.3553001284599304;0.9;0.8800000000000001;0.09990014120010114;0.3705391382876364;0.00025;5;1;0;0.2576331913471222;31
08/31/25 - 18:40 ;		 MultiViewCNN;2;12;37;0.2581565829824252;0.8795180722891566;0.32275447249412537;0.9;0.92;0.09329438807987746;0.3562037385495831;0.00025;6;0;0;0.2576331913471222;31
08/31/25 - 18:40 ;		 MultiViewCNN;2;12;38;0.22942911716828862;0.9036144578313253;0.29805269837379456;0.9;0.92;0.09115139892269375;0.3387584264968465;0.00025;7;0;0;0.2576331913471222;31
08/31/25 - 18:41 ;		 MultiViewCNN;2;12;39;0.23959765520440526;0.9518072289156626;0.32767746299505235;0.9;0.92;0.09801385491534079;0.33543413744630823;0.00025;8;0;1;0.2576331913471222;31
08/31/25 - 18:49 ;		 MultiViewCNN;3;11;0;0.6970624830349382;0.42168674698795183;0.6912693381309509;0.6;0.76;0.24906112034050737;0.6912693381309509;0.0002;0;0;0;0.6912693381309509;0
08/31/25 - 18:50 ;		 MultiViewCNN;3;11;1;0.6909296390521957;0.5662650602409639;0.6900968074798584;0.6;0.76;0.24847502191114793;0.6909175789356231;0.0002;1;0;0;0.6912693381309509;0
08/31/25 - 18:50 ;		 MultiViewCNN;3;11;2;0.6857356055673346;0.6144578313253012;0.6868009567260742;0.5;1.0;0.2468289048482319;0.6896825922727584;0.0002;2;0;0;0.6912693381309509;0
08/31/25 - 18:51 ;		 MultiViewCNN;3;11;3;0.6831194858953177;0.6746987951807228;0.6830268859863281;0.5;0.88;0.24494623294222534;0.6876858803868293;0.0002;0;0;0;0.6830268859863281;3
08/31/25 - 18:51 ;		 MultiViewCNN;3;11;4;0.6757737692580166;0.6867469879518072;0.677682638168335;0.6;0.88;0.24227932110672806;0.684684907721281;0.0002;0;0;0;0.677682638168335;4
08/31/25 - 18:52 ;		 MultiViewCNN;3;11;5;0.6671998823981687;0.7349397590361446;0.6745624303817749;0.5;0.9600000000000001;0.24075641806456183;0.6816481645194291;0.0002;0;0;0;0.6745624303817749;5
08/31/25 - 18:52 ;		 MultiViewCNN;3;11;6;0.6694573616407004;0.6867469879518072;0.6702862858772278;0.6;1.0;0.23863540651813508;0.6782396009267687;0.0002;0;0;0;0.6702862858772278;6
08/31/25 - 18:53 ;		 MultiViewCNN;3;11;7;0.6710114435977247;0.6385542168674698;0.6661872148513794;0.6;1.0;0.23658011807137713;0.6746238851041519;0.0002;0;0;0;0.6661872148513794;7
08/31/25 - 18:53 ;		 MultiViewCNN;3;11;8;0.659711870084326;0.6626506024096386;0.6645445346832275;0.6;1.0;0.23576490260142585;0.6716000799778745;0.0002;0;0;0;0.6645445346832275;8
08/31/25 - 18:54 ;		 MultiViewCNN;3;11;9;0.654756285339953;0.6987951807228916;0.6607529044151306;0.6;1.0;0.23389201076268273;0.6683459273090513;0.0002;0;0;0;0.6607529044151306;9
08/31/25 - 18:54 ;		 MultiViewCNN;3;11;10;0.652169564402247;0.6987951807228916;0.6590588331222534;0.6;0.9600000000000001;0.23308917331792472;0.6655597990530119;0.0002;0;0;0;0.6590588331222534;10
08/31/25 - 18:55 ;		 MultiViewCNN;3;11;11;0.6548484183219542;0.6987951807228916;0.6488898158073425;0.7;1.0;0.22798504956704954;0.6605588040793111;0.0002;0;0;0;0.6488898158073425;11
08/31/25 - 18:55 ;		 MultiViewCNN;3;11;12;0.6330727676311171;0.7710843373493976;0.6396719217300415;0.7;1.0;0.22338406545954975;0.6542927393745301;0.0002;0;0;0;0.6396719217300415;12
08/31/25 - 18:56 ;		 MultiViewCNN;3;11;13;0.623371270047613;0.7590361445783133;0.6377289772033692;0.7;1.0;0.22254062126168117;0.6493236107231818;0.0002;0;0;0;0.6377289772033692;13
08/31/25 - 18:56 ;		 MultiViewCNN;3;11;14;0.6203499127583332;0.7349397590361446;0.6269949316978455;0.7;1.0;0.21716423704796578;0.6426250070155809;0.0002;0;0;0;0.6269949316978455;14
08/31/25 - 18:57 ;		 MultiViewCNN;3;11;15;0.6076652601540807;0.7710843373493976;0.6202511072158814;0.7;1.0;0.21385326917975583;0.635912837075671;0.0002;0;0;0;0.6202511072158814;15
08/31/25 - 18:58 ;		 MultiViewCNN;3;11;16;0.604681690773332;0.7349397590361446;0.62130286693573;0.8;1.0;0.21444899608607093;0.6315298460336887;0.0002;0;0;0;0.62130286693573;16
08/31/25 - 18:58 ;		 MultiViewCNN;3;11;17;0.6150566116873041;0.7108433734939759;0.6165972113609314;0.7;1.0;0.21219441360988905;0.6270500556318614;0.0002;0;0;0;0.6165972113609314;17
08/31/25 - 18:59 ;		 MultiViewCNN;3;11;18;0.5945068231548172;0.7951807228915663;0.6203404426574707;0.6;0.9600000000000001;0.21494821970607436;0.6250371717395442;0.0002;0;0;0;0.6203404426574707;18
08/31/25 - 18:59 ;		 MultiViewCNN;3;11;19;0.588498824691198;0.7469879518072289;0.6173929929733276;0.6;0.9600000000000001;0.21299825077553577;0.6227439181096792;0.0002;0;0;0;0.6173929929733276;19
08/31/25 - 19:00 ;		 MultiViewCNN;3;11;20;0.5851142578814403;0.7590361445783133;0.6320129036903381;0.6;0.9600000000000001;0.22092305556944442;0.6255246137838769;0.0002;1;0;0;0.6173929929733276;19
08/31/25 - 19:00 ;		 MultiViewCNN;3;11;21;0.5569614595677479;0.8313253012048193;0.5880374789237977;0.8;1.0;0.19843893452788963;0.6142784733258531;0.0002;0;0;0;0.5880374789237977;21
08/31/25 - 19:01 ;		 MultiViewCNN;3;11;22;0.5421620729457901;0.7831325301204819;0.5784682989120483;0.9;1.0;0.1940030095966218;0.6035354210017116;0.0002;0;0;0;0.5784682989120483;22
08/31/25 - 19:02 ;		 MultiViewCNN;3;11;23;0.5492390825087765;0.7831325301204819;0.5857392489910126;0.6;1.0;0.19851932084070684;0.5981965693985019;0.0002;0;0;0;0.5857392489910126;23
08/31/25 - 19:02 ;		 MultiViewCNN;3;11;24;0.5673979847546083;0.7349397590361446;0.5749890089035035;0.8;1.0;0.1924052154025085;0.5912343012500023;0.0002;0;0;0;0.5749890089035035;24
08/31/25 - 19:03 ;		 MultiViewCNN;3;11;25;0.5337956842169704;0.7951807228915663;0.5641600728034973;0.8;1.0;0.1874801946998895;0.5831120327160508;0.0002;0;0;0;0.5641600728034973;25
08/31/25 - 19:03 ;		 MultiViewCNN;3;11;26;0.5054647689124188;0.8192771084337349;0.5595996379852295;0.6;1.0;0.1861460184099486;0.5760583142968044;0.0002;0;0;0;0.5595996379852295;26
08/31/25 - 19:04 ;		 MultiViewCNN;3;11;27;0.5021993923618133;0.7831325301204819;0.5400564670562744;0.9;1.0;0.17681151213688245;0.5652577601246453;0.0002;0;0;0;0.5400564670562744;27
08/31/25 - 19:04 ;		 MultiViewCNN;3;11;28;0.5032330521618027;0.8192771084337349;0.5233960390090943;1.0;1.0;0.16880775773540233;0.55269924378998;0.0002;0;0;0;0.5233960390090943;28
08/31/25 - 19:05 ;		 MultiViewCNN;3;11;29;0.5140082688934832;0.7831325301204819;0.5441442728042603;0.7;1.0;0.18049562821889129;0.5501327524942641;0.0002;0;0;0;0.5441442728042603;29
08/31/25 - 19:06 ;		 MultiViewCNN;3;11;30;0.47552814505186425;0.8313253012048193;0.5548644542694092;0.7;1.0;0.18449518566216003;0.5515522630268076;0.0002;1;0;0;0.5441442728042603;29
08/31/25 - 19:06 ;		 MultiViewCNN;3;11;31;0.45756641138030824;0.8554216867469879;0.6022887825965881;0.6;1.0;0.21109590714073265;0.5667732188977417;0.0002;2;0;0;0.5441442728042603;29
08/31/25 - 19:07 ;		 MultiViewCNN;3;11;32;0.5252871470279005;0.7710843373493976;0.4990797281265259;0.9;1.0;0.15782552217018603;0.5464651716663769;0.0002;0;0;0;0.4990797281265259;32
08/31/25 - 19:07 ;		 MultiViewCNN;3;11;33;0.45509711590157936;0.8554216867469879;0.49104173183441163;1.0;1.0;0.1535529258828379;0.5298381397167873;0.0002;0;0;0;0.49104173183441163;33
08/31/25 - 19:08 ;		 MultiViewCNN;3;11;34;0.42256954886827125;0.8795180722891566;0.4842047691345215;1.0;1.0;0.15056328710190414;0.5161481285421076;0.0002;0;0;0;0.4842047691345215;34
08/31/25 - 19:08 ;		 MultiViewCNN;3;11;35;0.4284947995679924;0.8554216867469879;0.47295490503311155;1.0;1.0;0.1457815928030981;0.5031901614894088;0.0002;0;0;0;0.47295490503311155;35
08/31/25 - 19:09 ;		 MultiViewCNN;3;11;36;0.40482188707374667;0.8795180722891566;0.47410073280334475;1.0;1.0;0.14788687165255104;0.4944633328835895;0.0002;0;0;0;0.47410073280334475;36
08/31/25 - 19:10 ;		 MultiViewCNN;3;11;37;0.44111526981893795;0.8192771084337349;0.4560413360595703;1.0;1.0;0.13836785021379977;0.4829367338363837;0.0002;0;0;0;0.4560413360595703;37
08/31/25 - 19:10 ;		 MultiViewCNN;3;11;38;0.39619284006486455;0.8554216867469879;0.46426166892051696;0.8;1.0;0.14481177591241956;0.4773342143616236;0.0002;0;0;0;0.46426166892051696;38
08/31/25 - 19:11 ;		 MultiViewCNN;3;11;39;0.4272397713488843;0.7951807228915663;0.45363578796386717;1.0;1.0;0.13783296953224475;0.47022468644229665;0.0002;0;0;0;0.45363578796386717;39
08/31/25 - 19:11 ;		 MultiViewCNN;3;11;40;0.3857296290526907;0.8795180722891566;0.4806649088859558;0.6;1.0;0.15529468460640034;0.4733567531753944;0.0002;1;0;0;0.45363578796386717;39
08/31/25 - 19:12 ;		 MultiViewCNN;3;11;41;0.42582309281969644;0.8313253012048193;0.4407920062541962;0.7;1.0;0.1374756397496258;0.4635873290990349;0.0002;0;0;0;0.4407920062541962;41
08/31/25 - 19:12 ;		 MultiViewCNN;3;11;42;0.39254671263407515;0.8674698795180723;0.407282292842865;0.8;1.0;0.12058332514092432;0.44669581822218385;0.0002;0;0;0;0.407282292842865;42
08/31/25 - 19:13 ;		 MultiViewCNN;3;11;43;0.33039364290524675;0.963855421686747;0.6495766282081604;0.6;1.0;0.24452479253406673;0.5075600612179768;0.0002;1;0;0;0.407282292842865;42
08/31/25 - 19:14 ;		 MultiViewCNN;3;11;44;0.33384224162044296;0.9156626506024096;0.41778509616851806;0.9;1.0;0.12155033782045646;0.4806275717031392;0.0002;2;0;0;0.407282292842865;42
08/31/25 - 19:14 ;		 MultiViewCNN;3;11;45;0.37288179706378155;0.8674698795180723;0.4063922524452209;1.0;1.0;0.11649834466328599;0.4583569759257637;0.0002;3;0;0;0.407282292842865;42
08/31/25 - 19:15 ;		 MultiViewCNN;3;11;46;0.3600014196821006;0.8554216867469879;0.46663527488708495;0.7;1.0;0.15210710058856902;0.46084046561416003;0.0002;4;0;0;0.407282292842865;42
08/31/25 - 19:15 ;		 MultiViewCNN;3;11;47;0.3126205236437809;0.9397590361445783;0.38799850940704345;1.0;1.0;0.10804714094611897;0.43898787875202505;0.0002;0;0;0;0.38799850940704345;47
08/31/25 - 19:16 ;		 MultiViewCNN;3;11;48;0.29517050697860947;0.9518072289156626;0.5299769222736359;0.6;1.0;0.193212189753951;0.46628459180850823;0.0002;1;0;0;0.38799850940704345;47
08/31/25 - 19:16 ;		 MultiViewCNN;3;11;49;0.2806202105010848;0.9397590361445783;0.40839577913284303;0.7;1.0;0.1294381261045996;0.44891794800580864;0.0002;2;0;0;0.38799850940704345;47
08/31/25 - 19:17 ;		 MultiViewCNN;3;12;0;0.6928387470992214;0.4939759036144578;0.6898421764373779;0.7;0.88;0.24834758838583548;0.6898421764373779;0.0005;0;0;0;0.6898421764373779;0
08/31/25 - 19:18 ;		 MultiViewCNN;3;12;1;0.6713290587965265;0.6265060240963856;0.6756831049919129;0.6;1.0;0.2412838764749911;0.6855944550037383;0.0005;0;0;0;0.6756831049919129;1
08/31/25 - 19:18 ;		 MultiViewCNN;3;12;2;0.6605147216693464;0.6626506024096386;0.6663822174072266;0.5;1.0;0.23680972691694357;0.6798307837247848;0.0005;0;0;0;0.6663822174072266;2
08/31/25 - 19:19 ;		 MultiViewCNN;3;12;3;0.6482199839798801;0.6626506024096386;0.6594727039337158;0.5;0.9600000000000001;0.2337438686751973;0.6737233597874641;0.0005;0;0;0;0.6594727039337158;3
08/31/25 - 19:19 ;		 MultiViewCNN;3;12;4;0.6342983037592417;0.6506024096385542;0.6416688799858093;0.6;0.92;0.2251354704993666;0.6641070158469676;0.0005;0;0;0;0.6416688799858093;4
08/31/25 - 19:20 ;		 MultiViewCNN;3;12;5;0.6224952311400908;0.7710843373493976;0.6184239625930786;0.6;0.92;0.21349328136999457;0.6504020998708009;0.0005;0;0;0;0.6184239625930786;5
08/31/25 - 19:21 ;		 MultiViewCNN;3;12;6;0.588531849973173;0.7951807228915663;0.5981981515884399;0.8;0.9600000000000001;0.20350807136877336;0.6347409153860926;0.0005;0;0;0;0.5981981515884399;6
08/31/25 - 19:21 ;		 MultiViewCNN;3;12;7;0.5922412732279444;0.7228915662650602;0.5927767872810363;0.7;0.9600000000000001;0.20238508681140335;0.6221516769545756;0.0005;0;0;0;0.5927767872810363;7
08/31/25 - 19:22 ;		 MultiViewCNN;3;12;8;0.5853595500250897;0.7108433734939759;0.5548245310783386;0.8;0.92;0.1833796822481065;0.6019535331917045;0.0005;0;0;0;0.5548245310783386;8
08/31/25 - 19:22 ;		 MultiViewCNN;3;12;9;0.5573064853627998;0.7710843373493976;0.5168540000915527;0.8;0.9600000000000001;0.16530306785886378;0.576423673261659;0.0005;0;0;0;0.5168540000915527;9
08/31/25 - 19:23 ;		 MultiViewCNN;3;12;10;0.49120926785181807;0.8674698795180723;0.5457621812820435;0.6;0.9600000000000001;0.18446167045410503;0.5672252256677743;0.0005;0;0;0;0.5457621812820435;10
08/31/25 - 19:23 ;		 MultiViewCNN;3;12;11;0.4966517661709383;0.7590361445783133;0.500864052772522;0.8;0.92;0.16237643893617332;0.5473168737991986;0.0005;0;0;0;0.500864052772522;11
08/31/25 - 19:24 ;		 MultiViewCNN;3;12;12;0.48884727796876287;0.7831325301204819;0.466025298833847;0.8;0.92;0.14674237712784283;0.5229294013095931;0.0005;0;0;0;0.466025298833847;12
08/31/25 - 19:24 ;		 MultiViewCNN;3;12;13;0.4684653619685805;0.8192771084337349;0.5072883069515228;0.8;0.9600000000000001;0.17174804558182064;0.518237073002172;0.0005;0;0;0;0.5072883069515228;13
08/31/25 - 19:25 ;		 MultiViewCNN;3;12;14;0.4616195932928338;0.8072289156626506;0.400365948677063;0.9;0.9600000000000001;0.12073634562308182;0.48287573570463926;0.0005;0;0;0;0.400365948677063;14
08/31/25 - 19:26 ;		 MultiViewCNN;3;12;15;0.4863807961165187;0.7831325301204819;0.3995909571647644;0.9;0.9600000000000001;0.12182226792699333;0.4578903021426768;0.0005;0;0;0;0.3995909571647644;15
08/31/25 - 19:26 ;		 MultiViewCNN;3;12;16;0.42940266017454215;0.8433734939759037;0.3606339991092682;0.8;1.0;0.10821461272454598;0.42871341123265416;0.0005;0;0;0;0.3606339991092682;16
08/31/25 - 19:27 ;		 MultiViewCNN;3;12;17;0.43907157125243224;0.8072289156626506;0.3597048044204712;0.9;1.0;0.10777312983346884;0.4080108291889992;0.0005;0;0;0;0.3597048044204712;17
08/31/25 - 19:27 ;		 MultiViewCNN;3;12;18;0.3677381668464247;0.8313253012048193;0.31902284622192384;1.0;1.0;0.08613462016772;0.38131443429887657;0.0005;0;0;0;0.31902284622192384;18
08/31/25 - 19:28 ;		 MultiViewCNN;3;12;19;0.38676267682787885;0.8433734939759037;0.3547325611114502;0.9;0.9600000000000001;0.10157634279483638;0.37333987234264865;0.0005;0;0;0;0.3547325611114502;19
08/31/25 - 19:29 ;		 MultiViewCNN;3;12;20;0.3836989754653839;0.8433734939759037;0.33805389404296876;0.9;1.0;0.09963090216537579;0.3627540788527447;0.0005;0;0;0;0.33805389404296876;20
08/31/25 - 19:29 ;		 MultiViewCNN;3;12;21;0.3880821739334658;0.8313253012048193;0.3548901557922363;0.9;1.0;0.10731896268353039;0.36039490193459217;0.0005;0;0;0;0.3548901557922363;21
08/31/25 - 19:30 ;		 MultiViewCNN;3;12;22;0.35490486007857036;0.891566265060241;0.4010062038898468;0.8;1.0;0.13367296039103263;0.3725782925211686;0.0005;1;0;0;0.3548901557922363;21
08/31/25 - 19:30 ;		 MultiViewCNN;3;12;23;0.3582247403192233;0.8795180722891566;0.4030953884124756;0.9;0.9600000000000001;0.12658673874511034;0.3817334212885607;0.0005;2;0;0;0.3548901557922363;21
08/31/25 - 19:31 ;		 MultiViewCNN;3;12;24;0.3720138984990407;0.8192771084337349;0.39059976637363436;0.8;0.92;0.13228536301683677;0.3843933248140828;0.0005;3;0;0;0.3548901557922363;21
08/31/25 - 19:32 ;		 MultiViewCNN;3;12;25;0.2733206501208156;0.9036144578313253;0.39764366000890733;0.8;1.0;0.13662366259804792;0.38836842537253013;0.0005;4;0;0;0.3548901557922363;21
08/31/25 - 19:32 ;		 MultiViewCNN;3;12;26;0.24872250289443026;0.9156626506024096;0.26079600155353544;0.8;1.0;0.07626104744593874;0.3500966982268317;0.0005;0;0;0;0.26079600155353544;26
08/31/25 - 19:33 ;		 MultiViewCNN;3;12;27;0.23013132370739098;0.9397590361445783;0.4105157971382141;0.8;1.0;0.1408702695799205;0.3682224279002464;0.0005;1;0;0;0.26079600155353544;26
08/31/25 - 19:33 ;		 MultiViewCNN;3;12;28;0.30061742124787294;0.8795180722891566;0.31704628467559814;0.9;1.0;0.09931335633089652;0.3528695849328519;0.0005;2;0;0;0.26079600155353544;26
08/31/25 - 19:34 ;		 MultiViewCNN;3;12;29;0.30653440090547124;0.891566265060241;0.1789857864379883;1.0;1.0;0.03945779994408407;0.30070444538439284;0.0005;0;0;0;0.1789857864379883;29
08/31/25 - 19:34 ;		 MultiViewCNN;3;12;30;0.2641937815281282;0.9397590361445783;0.21208337247371672;0.9;1.0;0.05923373379974635;0.27411812351119;0.0005;0;0;0;0.21208337247371672;30
08/31/25 - 19:35 ;		 MultiViewCNN;3;12;31;0.2899108045251973;0.8554216867469879;0.27334419190883635;0.8;1.0;0.08575834166067686;0.27388594403048394;0.0005;1;0;0;0.21208337247371672;30
08/31/25 - 19:35 ;		 MultiViewCNN;3;12;32;0.24182480645467;0.9397590361445783;0.4363957166671753;0.8;1.0;0.15022553472750494;0.3226388758214913;0.0005;2;0;0;0.21208337247371672;30
08/31/25 - 19:36 ;		 MultiViewCNN;3;12;33;0.29289453647222863;0.8674698795180723;0.2170872747898102;0.9;1.0;0.059165388953021425;0.290973395511987;0.0005;3;0;0;0.21208337247371672;30
08/31/25 - 19:37 ;		 MultiViewCNN;3;12;34;0.22167324983930015;0.927710843373494;0.1685074746608734;1.0;1.0;0.035984448988755365;0.2542336192566529;0.0005;0;0;0;0.1685074746608734;34
08/31/25 - 19:37 ;		 MultiViewCNN;3;12;35;0.23284381906311197;0.927710843373494;0.4699864864349365;0.7;1.0;0.1662807735751217;0.31895947941013797;0.0005;1;0;0;0.1685074746608734;34
08/31/25 - 19:38 ;		 MultiViewCNN;3;12;36;0.25073002341641;0.8795180722891566;0.3615752629935741;0.8;1.0;0.12958106883539935;0.3317442144851688;0.0005;2;0;0;0.1685074746608734;34
08/31/25 - 19:38 ;		 MultiViewCNN;3;12;37;0.2541727743234979;0.9036144578313253;0.21886674761772157;0.9;1.0;0.06194203298105801;0.2978809744249346;0.0005;3;0;0;0.1685074746608734;34
08/31/25 - 19:39 ;		 MultiViewCNN;3;12;38;0.2452855250203466;0.9036144578313253;0.7521618247032166;0.8;1.0;0.20849638196290368;0.4341652295084192;0.0005;4;0;0;0.1685074746608734;34
08/31/25 - 19:39 ;		 MultiViewCNN;3;12;39;0.2390465905149299;0.9156626506024096;0.226727457344532;0.8;1.0;0.07909827063261324;0.371933897859253;0.00025;5;1;0;0.1685074746608734;34
08/31/25 - 19:40 ;		 MultiViewCNN;3;12;40;0.22828396463609604;0.9156626506024096;0.14175505340099334;1.0;1.0;0.029152775720695995;0.3028802445217751;0.00025;6;0;0;0.1685074746608734;34
08/31/25 - 19:41 ;		 MultiViewCNN;3;12;41;0.20024958809456192;0.927710843373494;0.19587518870830536;0.8;1.0;0.05838726224124204;0.27077872777773415;0.00025;7;0;0;0.1685074746608734;34
08/31/25 - 19:41 ;		 MultiViewCNN;3;12;42;0.1582185924053192;0.963855421686747;0.18434579968452453;1.0;1.0;0.05104600113246747;0.24484884934977125;0.00025;0;0;0;0.18434579968452453;42
08/31/25 - 19:42 ;		 MultiViewCNN;3;12;43;0.25034085831728325;0.8795180722891566;0.1510892167687416;1.0;1.0;0.036632208570059235;0.21672095957546234;0.00025;0;0;0;0.1510892167687416;43
08/31/25 - 19:43 ;		 MultiViewCNN;3;12;44;0.20566309683294182;0.927710843373494;0.1532467484474182;1.0;1.0;0.03362498663912401;0.1976786962370491;0.00025;0;0;0;0.1532467484474182;44
08/31/25 - 19:43 ;		 MultiViewCNN;3;12;45;0.35850152445126726;0.8192771084337349;0.1380128026008606;1.0;1.0;0.027631747248302606;0.17977892814619253;0.00025;0;0;0;0.1380128026008606;45
08/31/25 - 19:44 ;		 MultiViewCNN;3;12;46;0.1896573035831911;0.927710843373494;0.12862828820943834;1.0;1.0;0.02854606191756363;0.16443373616516627;0.00025;0;0;0;0.12862828820943834;46
08/31/25 - 19:44 ;		 MultiViewCNN;3;12;47;0.1281951330153339;1.0;0.14108026623725892;1.0;1.0;0.030113491828280048;0.15742769518679406;0.00025;0;0;0;0.14108026623725892;47
08/31/25 - 19:45 ;		 MultiViewCNN;3;12;48;0.22796746083052763;0.927710843373494;0.10119550079107284;1.0;1.0;0.01468994905527983;0.1405580368680777;0.00025;0;0;0;0.10119550079107284;48
08/31/25 - 19:46 ;		 MultiViewCNN;3;12;49;0.21371073895190135;0.9036144578313253;0.2702593483030796;0.8;1.0;0.09517171056262269;0.17946843029857829;0.00025;1;0;0;0.10119550079107284;48
08/31/25 - 19:49 ;		 MultiViewCNN;4;11;0;0.6966350846979992;0.46987951807228917;0.6910598516464234;0.5;0.6;0.2489569228378393;0.6910598516464234;0.0002;0;0;0;0.6910598516464234;0
08/31/25 - 19:50 ;		 MultiViewCNN;4;11;1;0.683274708598493;0.5903614457831325;0.6888027906417846;0.5;0.6;0.24782928407314309;0.6903827333450316;0.0002;1;0;0;0.6910598516464234;0
08/31/25 - 19:50 ;		 MultiViewCNN;4;11;2;0.6769794735563807;0.5542168674698795;0.6923002481460572;0.5;0.52;0.24956337919845845;0.6909579877853393;0.0002;2;0;0;0.6910598516464234;0
08/31/25 - 19:51 ;		 MultiViewCNN;4;11;3;0.6704858469675823;0.5903614457831325;0.6985601186752319;0.5;0.48;0.2526449242042048;0.6932386270523071;0.0002;3;0;0;0.6910598516464234;0
08/31/25 - 19:51 ;		 MultiViewCNN;4;11;4;0.661735558366201;0.6385542168674698;0.7034197330474854;0.5;0.43999999999999995;0.2549942389828697;0.6962929588508605;0.0002;4;0;0;0.6910598516464234;0
08/31/25 - 19:52 ;		 MultiViewCNN;4;11;5;0.6620670248226947;0.6385542168674698;0.699154508113861;0.5;0.48;0.25289310254028263;0.6971514236297607;0.0001;5;1;0;0.6910598516464234;0
08/31/25 - 19:52 ;		 MultiViewCNN;4;11;6;0.6452871482056307;0.7228915662650602;0.6973155021667481;0.6;0.48;0.25198793299360317;0.6972006471908568;0.0001;6;0;0;0.6910598516464234;0
08/31/25 - 19:53 ;		 MultiViewCNN;4;11;7;0.6644831737840032;0.6024096385542169;0.6987526655197144;0.6;0.48;0.25269340681375674;0.6976662526895141;0.0001;7;0;0;0.6910598516464234;0
08/31/25 - 19:54 ;		 MultiViewCNN;4;11;8;0.647189664553447;0.6506024096385542;0.6986331939697266;0.6;0.48;0.2526409603492635;0.6979563350735778;0.0001;8;0;1;0.6910598516464234;0
08/31/25 - 19:54 ;		 MultiViewCNN;4;12;0;0.6952398720994053;0.5421686746987951;0.6851537466049195;0.5;0.6;0.24601276729988086;0.6851537466049195;0.0005;0;0;0;0.6851537466049195;0
08/31/25 - 19:55 ;		 MultiViewCNN;4;12;1;0.6690591085388;0.5783132530120482;0.6827299475669861;0.5;0.68;0.24484963029656265;0.6844266068935394;0.0005;1;0;0;0.6851537466049195;0
08/31/25 - 19:55 ;		 MultiViewCNN;4;12;2;0.647480294646987;0.6626506024096386;0.6815959930419921;0.5;0.68;0.24444641829961355;0.6835774227380752;0.0005;2;0;0;0.6851537466049195;0
08/31/25 - 19:56 ;		 MultiViewCNN;4;12;3;0.6341961169817362;0.6867469879518072;0.6838751375675202;0.5;0.72;0.2458721107394158;0.6836667371869086;0.0005;3;0;0;0.6851537466049195;0
08/31/25 - 19:57 ;		 MultiViewCNN;4;12;4;0.631726648434099;0.6506024096385542;0.6834084868431092;0.5;0.72;0.24589089287863503;0.6835892620837687;0.0005;4;0;0;0.6851537466049195;0
08/31/25 - 19:57 ;		 MultiViewCNN;4;12;5;0.6334105744419327;0.6265060240963856;0.6549038469791413;0.7;0.72;0.23222203507907366;0.6749836375523804;0.0005;0;0;0;0.6549038469791413;5
08/31/25 - 19:58 ;		 MultiViewCNN;4;12;6;0.6046540069292827;0.6867469879518072;0.6225315928459167;0.6;0.8;0.21580564678603392;0.6592480241404413;0.0005;0;0;0;0.6225315928459167;6
08/31/25 - 19:58 ;		 MultiViewCNN;4;12;7;0.6162787331155983;0.7108433734939759;0.6027841210365296;0.7;0.8;0.20648832648138082;0.6423088532092677;0.0005;0;0;0;0.6027841210365296;7
08/31/25 - 19:59 ;		 MultiViewCNN;4;12;8;0.6138673439083329;0.7108433734939759;0.5739795446395874;0.8;0.9600000000000001;0.19255189392527594;0.6218100606383635;0.0005;0;0;0;0.5739795446395874;8
08/31/25 - 20:00 ;		 MultiViewCNN;4;12;9;0.5866322294775262;0.7590361445783133;0.5785780787467957;0.7;0.84;0.19476915264222275;0.6088404660708931;0.0005;0;0;0;0.5785780787467957;9
08/31/25 - 20:00 ;		 MultiViewCNN;4;12;10;0.5419802198927086;0.7108433734939759;0.5706232905387878;0.7;0.88;0.1920729636771939;0.5973753134112615;0.0005;0;0;0;0.5706232905387878;10
08/31/25 - 20:01 ;		 MultiViewCNN;4;12;11;0.575115539941443;0.6867469879518072;0.534447991847992;0.7;0.9600000000000001;0.17497294434465555;0.5784971169422806;0.0005;0;0;0;0.534447991847992;11
08/31/25 - 20:01 ;		 MultiViewCNN;4;12;12;0.5415243840361216;0.7108433734939759;0.5363264083862305;0.8;0.92;0.1764711658391816;0.5658459043754654;0.0005;0;0;0;0.5363264083862305;12
08/31/25 - 20:02 ;		 MultiViewCNN;4;12;13;0.5531451949872166;0.6867469879518072;0.5227566003799439;0.7;0.92;0.17178996489704526;0.552919113176809;0.0005;0;0;0;0.5227566003799439;13
08/31/25 - 20:03 ;		 MultiViewCNN;4;12;14;0.5446920473891569;0.7710843373493976;0.4993955850601196;0.8;0.92;0.16088770721660633;0.5368620547418022;0.0005;0;0;0;0.4993955850601196;14
08/31/25 - 20:03 ;		 MultiViewCNN;4;12;15;0.5045129391084234;0.8192771084337349;0.5422178745269776;0.7;0.88;0.18434042259179118;0.5384688006773548;0.0005;1;0;0;0.4993955850601196;14
08/31/25 - 20:04 ;		 MultiViewCNN;4;12;16;0.47270030716815625;0.7831325301204819;0.5082597494125366;0.7;0.92;0.1660542282199699;0.5294060852979093;0.0005;0;0;0;0.5082597494125366;16
08/31/25 - 20:05 ;		 MultiViewCNN;4;12;17;0.469060675566455;0.7951807228915663;0.499655669927597;0.7;0.9600000000000001;0.16620632370466445;0.5204809606868156;0.0005;0;0;0;0.499655669927597;17
08/31/25 - 20:05 ;		 MultiViewCNN;4;12;18;0.43324902833226214;0.891566265060241;0.4571681022644043;0.8;0.9600000000000001;0.1439726375327223;0.5014871031600922;0.0005;0;0;0;0.4571681022644043;18
08/31/25 - 20:06 ;		 MultiViewCNN;4;12;19;0.4101144596036658;0.8433734939759037;0.523140835762024;0.6;0.92;0.1797850488139318;0.5079832229406717;0.0005;1;0;0;0.4571681022644043;18
08/31/25 - 20:07 ;		 MultiViewCNN;4;12;20;0.42937349590910484;0.8072289156626506;0.5413555860519409;0.7;0.88;0.18785372657290292;0.5179949318740524;0.0005;2;0;0;0.4571681022644043;18
08/31/25 - 20:07 ;		 MultiViewCNN;4;12;21;0.3785303989088679;0.8433734939759037;0.38085828721523285;0.7;1.0;0.12230987109875475;0.47685393847640656;0.0005;0;0;0;0.38085828721523285;21
08/31/25 - 20:08 ;		 MultiViewCNN;4;12;22;0.3918599457625883;0.8313253012048193;0.6520673990249634;0.6;0.9600000000000001;0.2393416638973937;0.5294179766409736;0.0005;1;0;0;0.38085828721523285;21
08/31/25 - 20:09 ;		 MultiViewCNN;4;12;23;0.47639735671411076;0.7831325301204819;0.3557129859924316;1.0;1.0;0.10819900251064327;0.47730647944641097;0.0005;2;0;0;0.38085828721523285;21
08/31/25 - 20:09 ;		 MultiViewCNN;4;12;24;0.3425086998795889;0.8795180722891566;0.6155116364359856;0.7;0.92;0.21580834081643632;0.5187680265432834;0.0005;3;0;0;0.38085828721523285;21
08/31/25 - 20:10 ;		 MultiViewCNN;4;12;25;0.34755150022276915;0.891566265060241;0.40570380687713625;0.9;1.0;0.12771326500016275;0.4848487606434392;0.0005;4;0;0;0.38085828721523285;21
08/31/25 - 20:10 ;		 MultiViewCNN;4;12;26;0.2812239980123129;0.963855421686747;0.45921301543712617;0.7;1.0;0.16201240591436422;0.47715803708154525;0.00025;5;1;0;0.38085828721523285;21
08/31/25 - 20:11 ;		 MultiViewCNN;4;12;27;0.29508066285087403;0.9036144578313253;0.379883736371994;0.7;0.9600000000000001;0.12214856528501183;0.44797574686867986;0.00025;0;0;0;0.379883736371994;27
08/31/25 - 20:12 ;		 MultiViewCNN;4;12;28;0.255733572215919;0.9156626506024096;0.4045240044593811;0.9;0.9600000000000001;0.12504940556203029;0.4349402241458902;0.00025;0;0;0;0.4045240044593811;28
08/31/25 - 20:12 ;		 MultiViewCNN;4;12;29;0.22692425495170684;0.9518072289156626;0.3641183376312256;0.7;1.0;0.11661596974174511;0.41369365819149073;0.00025;0;0;0;0.3641183376312256;29
08/31/25 - 20:13 ;		 MultiViewCNN;4;12;30;0.26255989721022455;0.9518072289156626;0.42052383422851564;0.8;1.0;0.13947652658171913;0.4157427110025982;0.00025;1;0;0;0.3641183376312256;29
08/31/25 - 20:14 ;		 MultiViewCNN;4;12;31;0.2104500519583024;0.9518072289156626;0.596093299984932;0.7;0.9600000000000001;0.21235481643306775;0.46984788769729824;0.00025;2;0;0;0.3641183376312256;29
08/31/25 - 20:14 ;		 MultiViewCNN;4;12;32;0.28851551643337114;0.9156626506024096;0.24475871920585632;1.0;1.0;0.06314411496601073;0.4023211371498656;0.00025;0;0;0;0.24475871920585632;32
08/31/25 - 20:15 ;		 MultiViewCNN;4;12;33;0.2646540478769555;0.9518072289156626;0.3159829318523407;0.8;1.0;0.09966950878955953;0.3764196755606081;0.00025;0;0;0;0.3159829318523407;33
08/31/25 - 20:15 ;		 MultiViewCNN;4;12;34;0.2213390293609665;0.9518072289156626;0.347997260093689;0.9;0.9600000000000001;0.10482432946119906;0.3678929509205323;0.00025;0;0;0;0.347997260093689;34
08/31/25 - 20:16 ;		 MultiViewCNN;4;12;35;0.24866972989346608;0.9397590361445783;0.30748960971832273;0.9;0.9600000000000001;0.09242970507000096;0.34977194855986943;0.00025;0;0;0;0.30748960971832273;35
08/31/25 - 20:17 ;		 MultiViewCNN;4;12;36;0.21734667201358152;0.9397590361445783;0.338110488653183;0.8;0.9600000000000001;0.10790851817267635;0.3462735105878635;0.00025;0;0;0;0.338110488653183;36
08/31/25 - 20:17 ;		 MultiViewCNN;4;12;37;0.22702867465924068;0.9397590361445783;0.2717116355895996;0.9;1.0;0.07411454201837094;0.3239049480883843;0.00025;0;0;0;0.2717116355895996;37
08/31/25 - 20:18 ;		 MultiViewCNN;4;12;38;0.22566855824496374;0.9397590361445783;0.5076978445053101;0.7;0.8;0.17679174006858975;0.379042817013462;0.00025;1;0;0;0.2717116355895996;37
08/31/25 - 20:18 ;		 MultiViewCNN;4;12;39;0.19127747488309102;0.9518072289156626;0.3345479846000671;0.8;1.0;0.11255633456324718;0.3656943672894435;0.00025;2;0;0;0.2717116355895996;37
08/31/25 - 20:19 ;		 MultiViewCNN;4;12;40;0.19716507061777344;0.9518072289156626;0.2721461236476898;0.9;1.0;0.08216168712305746;0.33762989419691736;0.00025;3;0;0;0.2717116355895996;37
08/31/25 - 20:19 ;		 MultiViewCNN;4;12;41;0.17608392768236528;0.9397590361445783;0.3337241530418396;0.8;1.0;0.11400772405710864;0.336458171850394;0.00025;4;0;0;0.2717116355895996;37
08/31/25 - 20:20 ;		 MultiViewCNN;4;12;42;0.16678907457424932;0.963855421686747;0.47936282157897947;0.8;0.9600000000000001;0.16283517256623023;0.3793295667689696;0.000125;5;1;0;0.2717116355895996;37
08/31/25 - 20:21 ;		 MultiViewCNN;4;12;43;0.1642548628600247;0.9759036144578314;0.40373040437698365;0.8;0.9600000000000001;0.1316160224192481;0.38664981805137383;0.000125;6;0;0;0.2717116355895996;37
08/31/25 - 20:21 ;		 MultiViewCNN;4;12;44;0.22074239225272674;0.9156626506024096;0.26118312776088715;0.9;1.0;0.07627390578339993;0.3490098109642278;0.000125;7;0;0;0.2717116355895996;37
08/31/25 - 20:22 ;		 MultiViewCNN;4;12;45;0.22880156427980905;0.9036144578313253;0.5583322405815124;0.7;1.0;0.20099418791801615;0.4118065398494132;0.000125;8;0;1;0.2717116355895996;37
