Model,outer_fold,inner_fold,paramID,LR,WD,DR,epochs,epoch,val_loss,best_val_loss,fold,avg_val_loss
MultiViewCNN,0,0,1,0.0005,0.0001,0.2,10.0,0.0,0.6938917771462472,,,
MultiViewCNN,0,0,1,0.0005,0.0001,0.2,10.0,1.0,0.6849624514579773,,,
MultiViewCNN,0,0,1,0.0005,0.0001,0.2,10.0,2.0,0.6737695913161,,,
MultiViewCNN,0,0,1,0.0005,0.0001,0.2,10.0,3.0,0.6713715234110432,,,
MultiViewCNN,0,0,1,0.0005,0.0001,0.2,10.0,4.0,0.6651239991188049,,,
MultiViewCNN,0,0,1,0.0005,0.0001,0.2,10.0,5.0,0.6524295133929099,,,
MultiViewCNN,0,0,1,0.0005,0.0001,0.2,10.0,6.0,0.6441573769815506,,,
MultiViewCNN,0,0,1,0.0005,0.0001,0.2,10.0,7.0,0.6284093760674999,,,
MultiViewCNN,0,0,1,0.0005,0.0001,0.2,10.0,8.0,0.6272601715980037,,,
MultiViewCNN,0,0,1,0.0005,0.0001,0.2,10.0,9.0,0.6173108181645793,,,
MultiViewCNN,0,0,1,0.0005,0.0001,0.2,10.0,,,0.6173,,
MultiViewCNN,0,1,1,0.0005,0.0001,0.2,10.0,0.0,0.6872119557472968,,,
MultiViewCNN,0,1,1,0.0005,0.0001,0.2,10.0,1.0,0.6797260122914468,,,
MultiViewCNN,0,1,1,0.0005,0.0001,0.2,10.0,2.0,0.667720127490259,,,
MultiViewCNN,0,1,1,0.0005,0.0001,0.2,10.0,3.0,0.6596552229696705,,,
MultiViewCNN,0,1,1,0.0005,0.0001,0.2,10.0,4.0,0.6517618067802922,,,
MultiViewCNN,0,1,1,0.0005,0.0001,0.2,10.0,5.0,0.6479547965911127,,,
MultiViewCNN,0,1,1,0.0005,0.0001,0.2,10.0,6.0,0.6402264448904222,,,
MultiViewCNN,0,1,1,0.0005,0.0001,0.2,10.0,7.0,0.653822866178328,,,
MultiViewCNN,0,1,1,0.0005,0.0001,0.2,10.0,8.0,0.6327723207012299,,,
MultiViewCNN,0,1,1,0.0005,0.0001,0.2,10.0,9.0,0.6121225933874807,,,
MultiViewCNN,0,1,1,0.0005,0.0001,0.2,10.0,,,0.6121,,
MultiViewCNN,0,2,1,0.0005,0.0001,0.2,10.0,0.0,0.6920229907958738,,,
MultiViewCNN,0,2,1,0.0005,0.0001,0.2,10.0,1.0,0.6896567767666232,,,
MultiViewCNN,0,2,1,0.0005,0.0001,0.2,10.0,2.0,0.6862948171554073,,,
MultiViewCNN,0,2,1,0.0005,0.0001,0.2,10.0,3.0,0.6885818973664315,,,
MultiViewCNN,0,2,1,0.0005,0.0001,0.2,10.0,4.0,0.6847562155415935,,,
MultiViewCNN,0,2,1,0.0005,0.0001,0.2,10.0,5.0,0.6795647894182513,,,
MultiViewCNN,0,2,1,0.0005,0.0001,0.2,10.0,6.0,0.6977485245273959,,,
MultiViewCNN,0,2,1,0.0005,0.0001,0.2,10.0,7.0,0.6926504661959987,,,
MultiViewCNN,0,2,1,0.0005,0.0001,0.2,10.0,8.0,0.6902046299749806,,,
MultiViewCNN,0,2,1,0.0005,0.0001,0.2,10.0,,,0.6796,,
MultiViewCNN,0,0,1,,,,,,,,0.0,0.6363
MultiViewCNN,0,0,2,0.0005,0.0001,0.3,10.0,0.0,0.6936414030290419,,,
MultiViewCNN,0,0,2,0.0005,0.0001,0.3,10.0,1.0,0.6918245092515023,,,
MultiViewCNN,0,0,2,0.0005,0.0001,0.3,10.0,2.0,0.6884594367396447,,,
MultiViewCNN,0,0,2,0.0005,0.0001,0.3,10.0,3.0,0.6829067699370845,,,
MultiViewCNN,0,0,2,0.0005,0.0001,0.3,10.0,4.0,0.6814357080767232,,,
MultiViewCNN,0,0,2,0.0005,0.0001,0.3,10.0,5.0,0.6809411702617523,,,
MultiViewCNN,0,0,2,0.0005,0.0001,0.3,10.0,6.0,0.6757741743518461,,,
MultiViewCNN,0,0,2,0.0005,0.0001,0.3,10.0,7.0,0.6724787258332775,,,
MultiViewCNN,0,0,2,0.0005,0.0001,0.3,10.0,8.0,0.6755285166924999,,,
MultiViewCNN,0,0,2,0.0005,0.0001,0.3,10.0,9.0,0.6766337733114919,,,
MultiViewCNN,0,0,2,0.0005,0.0001,0.3,10.0,,,0.6725,,
MultiViewCNN,0,1,2,0.0005,0.0001,0.3,10.0,0.0,0.6939078896276413,,,
MultiViewCNN,0,1,2,0.0005,0.0001,0.3,10.0,1.0,0.6883701412908493,,,
MultiViewCNN,0,1,2,0.0005,0.0001,0.3,10.0,2.0,0.6794494525078805,,,
MultiViewCNN,0,1,2,0.0005,0.0001,0.3,10.0,3.0,0.6687406878317556,,,
MultiViewCNN,0,1,2,0.0005,0.0001,0.3,10.0,4.0,0.6586925175882155,,,
MultiViewCNN,0,1,2,0.0005,0.0001,0.3,10.0,5.0,0.648218322184778,,,
MultiViewCNN,0,1,2,0.0005,0.0001,0.3,10.0,6.0,0.6421606521452626,,,
MultiViewCNN,0,1,2,0.0005,0.0001,0.3,10.0,7.0,0.6325267168783373,,,
MultiViewCNN,0,1,2,0.0005,0.0001,0.3,10.0,8.0,0.6295973004833344,,,
MultiViewCNN,0,1,2,0.0005,0.0001,0.3,10.0,9.0,0.6282503893298488,,,
MultiViewCNN,0,1,2,0.0005,0.0001,0.3,10.0,,,0.6283,,
MultiViewCNN,0,2,2,0.0005,0.0001,0.3,10.0,0.0,0.6909957912660414,,,
MultiViewCNN,0,2,2,0.0005,0.0001,0.3,10.0,1.0,0.6875966422019466,,,
MultiViewCNN,0,2,2,0.0005,0.0001,0.3,10.0,2.0,0.6829310174911253,,,
MultiViewCNN,0,2,2,0.0005,0.0001,0.3,10.0,3.0,0.679227432897014,,,
MultiViewCNN,0,2,2,0.0005,0.0001,0.3,10.0,4.0,0.6774434620334256,,,
MultiViewCNN,0,2,2,0.0005,0.0001,0.3,10.0,5.0,0.6759451608504018,,,
MultiViewCNN,0,2,2,0.0005,0.0001,0.3,10.0,6.0,0.6800379330112089,,,
MultiViewCNN,0,2,2,0.0005,0.0001,0.3,10.0,7.0,0.6751129954091964,,,
MultiViewCNN,0,2,2,0.0005,0.0001,0.3,10.0,8.0,0.6615718160906146,,,
MultiViewCNN,0,2,2,0.0005,0.0001,0.3,10.0,9.0,0.6613299596694208,,,
MultiViewCNN,0,2,2,0.0005,0.0001,0.3,10.0,,,0.6613,,
MultiViewCNN,0,0,2,,,,,,,,0.0,0.654
MultiViewCNN,0,0,3,0.0005,0.0001,0.4,10.0,0.0,0.695153913190288,,,
MultiViewCNN,0,0,3,0.0005,0.0001,0.4,10.0,1.0,0.6881065464788868,,,
MultiViewCNN,0,0,3,0.0005,0.0001,0.4,10.0,2.0,0.6792734707555463,,,
MultiViewCNN,0,0,3,0.0005,0.0001,0.4,10.0,3.0,0.6680070469456334,,,
MultiViewCNN,0,0,3,0.0005,0.0001,0.4,10.0,4.0,0.6615283046999285,,,
MultiViewCNN,0,0,3,0.0005,0.0001,0.4,10.0,5.0,0.6540074329222402,,,
MultiViewCNN,0,0,3,0.0005,0.0001,0.4,10.0,6.0,0.656575414442247,,,
MultiViewCNN,0,0,3,0.0005,0.0001,0.4,10.0,7.0,0.6512460054889802,,,
MultiViewCNN,0,0,3,0.0005,0.0001,0.4,10.0,8.0,0.6417656194779181,,,
MultiViewCNN,0,0,3,0.0005,0.0001,0.4,10.0,9.0,0.628627021466532,,,
MultiViewCNN,0,0,3,0.0005,0.0001,0.4,10.0,,,0.6286,,
MultiViewCNN,0,1,3,0.0005,0.0001,0.4,10.0,0.0,0.6942605510834725,,,
MultiViewCNN,0,1,3,0.0005,0.0001,0.4,10.0,1.0,0.6899459746576124,,,
MultiViewCNN,0,1,3,0.0005,0.0001,0.4,10.0,2.0,0.6843300596360238,,,
MultiViewCNN,0,1,3,0.0005,0.0001,0.4,10.0,3.0,0.6773158696389967,,,
MultiViewCNN,0,1,3,0.0005,0.0001,0.4,10.0,4.0,0.668110595595452,,,
MultiViewCNN,0,1,3,0.0005,0.0001,0.4,10.0,5.0,0.6634251513788777,,,
MultiViewCNN,0,1,3,0.0005,0.0001,0.4,10.0,6.0,0.6627892121191947,,,
MultiViewCNN,0,1,3,0.0005,0.0001,0.4,10.0,7.0,0.657326502184714,,,
MultiViewCNN,0,1,3,0.0005,0.0001,0.4,10.0,8.0,0.6479431467671548,,,
MultiViewCNN,0,1,3,0.0005,0.0001,0.4,10.0,9.0,0.6397476196289062,,,
MultiViewCNN,0,1,3,0.0005,0.0001,0.4,10.0,,,0.6397,,
MultiViewCNN,0,2,3,0.0005,0.0001,0.4,10.0,0.0,0.6925809748711125,,,
MultiViewCNN,0,2,3,0.0005,0.0001,0.4,10.0,1.0,0.6912758831054934,,,
MultiViewCNN,0,2,3,0.0005,0.0001,0.4,10.0,2.0,0.6899795205362381,,,
MultiViewCNN,0,2,3,0.0005,0.0001,0.4,10.0,3.0,0.6904030192282892,,,
MultiViewCNN,0,2,3,0.0005,0.0001,0.4,10.0,4.0,0.6922327356953775,,,
MultiViewCNN,0,2,3,0.0005,0.0001,0.4,10.0,5.0,0.6972518640179788,,,
MultiViewCNN,0,2,3,0.0005,0.0001,0.4,10.0,,,0.69,,
MultiViewCNN,0,0,3,,,,,,,,0.0,0.6528
MultiViewCNN,0,0,4,0.0005,1e-06,0.2,10.0,0.0,0.6909535354183566,,,
MultiViewCNN,0,0,4,0.0005,1e-06,0.2,10.0,1.0,0.6858956775357646,,,
MultiViewCNN,0,0,4,0.0005,1e-06,0.2,10.0,2.0,0.6825907672605207,,,
MultiViewCNN,0,0,4,0.0005,1e-06,0.2,10.0,3.0,0.6749709902271148,,,
MultiViewCNN,0,0,4,0.0005,1e-06,0.2,10.0,4.0,0.6702430901988861,,,
MultiViewCNN,0,0,4,0.0005,1e-06,0.2,10.0,5.0,0.6580509812601151,,,
MultiViewCNN,0,0,4,0.0005,1e-06,0.2,10.0,6.0,0.6710044491675592,,,
MultiViewCNN,0,0,4,0.0005,1e-06,0.2,10.0,7.0,0.6665979546885337,,,
MultiViewCNN,0,0,4,0.0005,1e-06,0.2,10.0,8.0,0.6571051055385221,,,
MultiViewCNN,0,0,4,0.0005,1e-06,0.2,10.0,9.0,0.6545454398278268,,,
MultiViewCNN,0,0,4,0.0005,1e-06,0.2,10.0,,,0.6545,,
MultiViewCNN,0,1,4,0.0005,1e-06,0.2,10.0,0.0,0.6887653893040072,,,
MultiViewCNN,0,1,4,0.0005,1e-06,0.2,10.0,1.0,0.6776576965085922,,,
MultiViewCNN,0,1,4,0.0005,1e-06,0.2,10.0,2.0,0.6648382044607594,,,
MultiViewCNN,0,1,4,0.0005,1e-06,0.2,10.0,3.0,0.6528744063069744,,,
MultiViewCNN,0,1,4,0.0005,1e-06,0.2,10.0,4.0,0.6435684696320565,,,
MultiViewCNN,0,1,4,0.0005,1e-06,0.2,10.0,5.0,0.6405328992874392,,,
MultiViewCNN,0,1,4,0.0005,1e-06,0.2,10.0,6.0,0.628041725004873,,,
MultiViewCNN,0,1,4,0.0005,1e-06,0.2,10.0,7.0,0.6130398531113902,,,
MultiViewCNN,0,1,4,0.0005,1e-06,0.2,10.0,8.0,0.5958601082524946,,,
MultiViewCNN,0,1,4,0.0005,1e-06,0.2,10.0,9.0,0.6053047756994924,,,
MultiViewCNN,0,1,4,0.0005,1e-06,0.2,10.0,,,0.5959,,
MultiViewCNN,0,2,4,0.0005,1e-06,0.2,10.0,0.0,0.6924295290823905,,,
MultiViewCNN,0,2,4,0.0005,1e-06,0.2,10.0,1.0,0.6887779178157929,,,
MultiViewCNN,0,2,4,0.0005,1e-06,0.2,10.0,2.0,0.6893815032897457,,,
MultiViewCNN,0,2,4,0.0005,1e-06,0.2,10.0,3.0,0.6884229413924678,,,
MultiViewCNN,0,2,4,0.0005,1e-06,0.2,10.0,4.0,0.6914800501638844,,,
MultiViewCNN,0,2,4,0.0005,1e-06,0.2,10.0,5.0,0.6805763975266488,,,
MultiViewCNN,0,2,4,0.0005,1e-06,0.2,10.0,6.0,0.6788757174245773,,,
MultiViewCNN,0,2,4,0.0005,1e-06,0.2,10.0,7.0,0.652077434524413,,,
MultiViewCNN,0,2,4,0.0005,1e-06,0.2,10.0,8.0,0.6435746569787303,,,
MultiViewCNN,0,2,4,0.0005,1e-06,0.2,10.0,9.0,0.6529881088964401,,,
MultiViewCNN,0,2,4,0.0005,1e-06,0.2,10.0,,,0.6436,,
MultiViewCNN,0,0,4,,,,,,,,0.0,0.6313
MultiViewCNN,0,0,5,0.0002,0.0001,0.2,10.0,0.0,0.68578036562089,,,
MultiViewCNN,0,0,5,0.0002,0.0001,0.2,10.0,1.0,0.6833367174671542,,,
MultiViewCNN,0,0,5,0.0002,0.0001,0.2,10.0,2.0,0.6788837486697782,,,
MultiViewCNN,0,0,5,0.0002,0.0001,0.2,10.0,3.0,0.6734705009768086,,,
MultiViewCNN,0,0,5,0.0002,0.0001,0.2,10.0,4.0,0.6686648649554099,,,
MultiViewCNN,0,0,5,0.0002,0.0001,0.2,10.0,5.0,0.6635093823555978,,,
MultiViewCNN,0,0,5,0.0002,0.0001,0.2,10.0,6.0,0.658488554339255,,,
MultiViewCNN,0,0,5,0.0002,0.0001,0.2,10.0,7.0,0.6555526006606317,,,
MultiViewCNN,0,0,5,0.0002,0.0001,0.2,10.0,8.0,0.6521398348193015,,,
MultiViewCNN,0,0,5,0.0002,0.0001,0.2,10.0,9.0,0.6507035820714889,,,
MultiViewCNN,0,0,5,0.0002,0.0001,0.2,10.0,,,0.6507,,
MultiViewCNN,0,1,5,0.0002,0.0001,0.2,10.0,0.0,0.693235122388409,,,
MultiViewCNN,0,1,5,0.0002,0.0001,0.2,10.0,1.0,0.6918998379861155,,,
MultiViewCNN,0,1,5,0.0002,0.0001,0.2,10.0,2.0,0.689290588901889,,,
MultiViewCNN,0,1,5,0.0002,0.0001,0.2,10.0,3.0,0.6855429237888705,,,
MultiViewCNN,0,1,5,0.0002,0.0001,0.2,10.0,4.0,0.6814116624093824,,,
MultiViewCNN,0,1,5,0.0002,0.0001,0.2,10.0,5.0,0.6744874888850797,,,
MultiViewCNN,0,1,5,0.0002,0.0001,0.2,10.0,6.0,0.6694410174123703,,,
MultiViewCNN,0,1,5,0.0002,0.0001,0.2,10.0,7.0,0.6641458407525094,,,
MultiViewCNN,0,1,5,0.0002,0.0001,0.2,10.0,8.0,0.6569922950959974,,,
MultiViewCNN,0,1,5,0.0002,0.0001,0.2,10.0,9.0,0.6520584014154249,,,
MultiViewCNN,0,1,5,0.0002,0.0001,0.2,10.0,,,0.6521,,
MultiViewCNN,0,2,5,0.0002,0.0001,0.2,10.0,0.0,0.6959436805017533,,,
MultiViewCNN,0,2,5,0.0002,0.0001,0.2,10.0,1.0,0.6939005121108024,,,
MultiViewCNN,0,2,5,0.0002,0.0001,0.2,10.0,2.0,0.6910485490675895,,,
MultiViewCNN,0,2,5,0.0002,0.0001,0.2,10.0,3.0,0.6898634395291728,,,
MultiViewCNN,0,2,5,0.0002,0.0001,0.2,10.0,4.0,0.688413800731782,,,
MultiViewCNN,0,2,5,0.0002,0.0001,0.2,10.0,5.0,0.6842479244355233,,,
MultiViewCNN,0,2,5,0.0002,0.0001,0.2,10.0,6.0,0.6828711878868842,,,
MultiViewCNN,0,2,5,0.0002,0.0001,0.2,10.0,7.0,0.6815444788625163,,,
MultiViewCNN,0,2,5,0.0002,0.0001,0.2,10.0,8.0,0.6823333521043101,,,
MultiViewCNN,0,2,5,0.0002,0.0001,0.2,10.0,9.0,0.6806101183737477,,,
MultiViewCNN,0,2,5,0.0002,0.0001,0.2,10.0,,,0.6806,,
MultiViewCNN,0,0,5,,,,,,,,0.0,0.6611
MultiViewCNN,0,0,6,0.0008,0.0001,0.2,10.0,0.0,0.6853285393407268,,,
MultiViewCNN,0,0,6,0.0008,0.0001,0.2,10.0,1.0,0.6754782680542238,,,
MultiViewCNN,0,0,6,0.0008,0.0001,0.2,10.0,2.0,0.6631998362079743,,,
MultiViewCNN,0,0,6,0.0008,0.0001,0.2,10.0,3.0,0.6528442944249799,,,
MultiViewCNN,0,0,6,0.0008,0.0001,0.2,10.0,4.0,0.6407761170018104,,,
MultiViewCNN,0,0,6,0.0008,0.0001,0.2,10.0,5.0,0.6490193336240707,,,
MultiViewCNN,0,0,6,0.0008,0.0001,0.2,10.0,6.0,0.6199222264751312,,,
MultiViewCNN,0,0,6,0.0008,0.0001,0.2,10.0,7.0,0.6105454852504115,,,
MultiViewCNN,0,0,6,0.0008,0.0001,0.2,10.0,8.0,0.5972179962742713,,,
MultiViewCNN,0,0,6,0.0008,0.0001,0.2,10.0,9.0,0.5826404959924759,,,
MultiViewCNN,0,0,6,0.0008,0.0001,0.2,10.0,,,0.5826,,
MultiViewCNN,0,1,6,0.0008,0.0001,0.2,10.0,0.0,0.6895791426781686,,,
MultiViewCNN,0,1,6,0.0008,0.0001,0.2,10.0,1.0,0.6767370796972706,,,
MultiViewCNN,0,1,6,0.0008,0.0001,0.2,10.0,2.0,0.6572926621283254,,,
MultiViewCNN,0,1,6,0.0008,0.0001,0.2,10.0,3.0,0.6371915571151241,,,
MultiViewCNN,0,1,6,0.0008,0.0001,0.2,10.0,4.0,0.6238413414647502,,,
MultiViewCNN,0,1,6,0.0008,0.0001,0.2,10.0,5.0,0.6187542619243744,,,
MultiViewCNN,0,1,6,0.0008,0.0001,0.2,10.0,6.0,0.5942513269762839,,,
MultiViewCNN,0,1,6,0.0008,0.0001,0.2,10.0,7.0,0.6041173261980857,,,
MultiViewCNN,0,1,6,0.0008,0.0001,0.2,10.0,8.0,0.5707673911125429,,,
MultiViewCNN,0,1,6,0.0008,0.0001,0.2,10.0,9.0,0.5976754542320005,,,
MultiViewCNN,0,1,6,0.0008,0.0001,0.2,10.0,,,0.5708,,
MultiViewCNN,0,2,6,0.0008,0.0001,0.2,10.0,0.0,0.6906241774559021,,,
MultiViewCNN,0,2,6,0.0008,0.0001,0.2,10.0,1.0,0.6860285978163442,,,
MultiViewCNN,0,2,6,0.0008,0.0001,0.2,10.0,2.0,0.6820986367041065,,,
MultiViewCNN,0,2,6,0.0008,0.0001,0.2,10.0,3.0,0.6812216658746043,,,
MultiViewCNN,0,2,6,0.0008,0.0001,0.2,10.0,4.0,0.6804573401328056,,,
MultiViewCNN,0,2,6,0.0008,0.0001,0.2,10.0,5.0,0.6985365556132409,,,
MultiViewCNN,0,2,6,0.0008,0.0001,0.2,10.0,6.0,0.6662395942595697,,,
MultiViewCNN,0,2,6,0.0008,0.0001,0.2,10.0,7.0,0.6777482244276232,,,
MultiViewCNN,0,2,6,0.0008,0.0001,0.2,10.0,8.0,0.6972416773919137,,,
MultiViewCNN,0,2,6,0.0008,0.0001,0.2,10.0,9.0,0.6821295253692135,,,
MultiViewCNN,0,2,6,0.0008,0.0001,0.2,10.0,,,0.6662,,
MultiViewCNN,0,0,6,,,,,,,,0.0,0.6065
MultiViewCNN,0,0,7,0.0007,0.0001,0.2,10.0,0.0,0.6872971500119855,,,
MultiViewCNN,0,0,7,0.0007,0.0001,0.2,10.0,1.0,0.6780248322794514,,,
MultiViewCNN,0,0,7,0.0007,0.0001,0.2,10.0,2.0,0.6666193181468595,,,
MultiViewCNN,0,0,7,0.0007,0.0001,0.2,10.0,3.0,0.6552343426212188,,,
MultiViewCNN,0,0,7,0.0007,0.0001,0.2,10.0,4.0,0.6439904243715348,,,
MultiViewCNN,0,0,7,0.0007,0.0001,0.2,10.0,5.0,0.6357338216996962,,,
MultiViewCNN,0,0,7,0.0007,0.0001,0.2,10.0,6.0,0.6332652126589129,,,
MultiViewCNN,0,0,7,0.0007,0.0001,0.2,10.0,7.0,0.6119341235007009,,,
MultiViewCNN,0,0,7,0.0007,0.0001,0.2,10.0,8.0,0.6051997792336249,,,
MultiViewCNN,0,0,7,0.0007,0.0001,0.2,10.0,9.0,0.606454893465965,,,
MultiViewCNN,0,0,7,0.0007,0.0001,0.2,10.0,,,0.6052,,
MultiViewCNN,0,1,7,0.0007,0.0001,0.2,10.0,0.0,0.6867049624842982,,,
MultiViewCNN,0,1,7,0.0007,0.0001,0.2,10.0,1.0,0.6713433669459435,,,
MultiViewCNN,0,1,7,0.0007,0.0001,0.2,10.0,2.0,0.6604573303653348,,,
MultiViewCNN,0,1,7,0.0007,0.0001,0.2,10.0,3.0,0.6531074027861318,,,
MultiViewCNN,0,1,7,0.0007,0.0001,0.2,10.0,4.0,0.6403360097639023,,,
MultiViewCNN,0,1,7,0.0007,0.0001,0.2,10.0,5.0,0.6224107876900704,,,
MultiViewCNN,0,1,7,0.0007,0.0001,0.2,10.0,6.0,0.6105680273425195,,,
MultiViewCNN,0,1,7,0.0007,0.0001,0.2,10.0,7.0,0.6569497008477488,,,
MultiViewCNN,0,1,7,0.0007,0.0001,0.2,10.0,8.0,0.6533345118645699,,,
MultiViewCNN,0,1,7,0.0007,0.0001,0.2,10.0,9.0,0.5792876683896587,,,
MultiViewCNN,0,1,7,0.0007,0.0001,0.2,10.0,,,0.5793,,
MultiViewCNN,0,2,7,0.0007,0.0001,0.2,10.0,0.0,0.6930623054504395,,,
MultiViewCNN,0,2,7,0.0007,0.0001,0.2,10.0,1.0,0.6898057941467531,,,
MultiViewCNN,0,2,7,0.0007,0.0001,0.2,10.0,2.0,0.6866074319808714,,,
MultiViewCNN,0,2,7,0.0007,0.0001,0.2,10.0,3.0,0.6930611421985011,,,
MultiViewCNN,0,2,7,0.0007,0.0001,0.2,10.0,4.0,0.6814063210641185,,,
MultiViewCNN,0,2,7,0.0007,0.0001,0.2,10.0,5.0,0.6787415223736917,,,
MultiViewCNN,0,2,7,0.0007,0.0001,0.2,10.0,6.0,0.6718487989517951,,,
MultiViewCNN,0,2,7,0.0007,0.0001,0.2,10.0,7.0,0.6585664653008984,,,
MultiViewCNN,0,2,7,0.0007,0.0001,0.2,10.0,8.0,0.6466570958014457,,,
MultiViewCNN,0,2,7,0.0007,0.0001,0.2,10.0,9.0,0.6408072767719146,,,
MultiViewCNN,0,2,7,0.0007,0.0001,0.2,10.0,,,0.6408,,
MultiViewCNN,0,0,7,,,,,,,,0.0,0.6084
MultiViewCNN,0,0,8,0.0008,0.0001,0.3,10.0,0.0,0.685433724234181,,,
MultiViewCNN,0,0,8,0.0008,0.0001,0.3,10.0,1.0,0.6780233171678358,,,
MultiViewCNN,0,0,8,0.0008,0.0001,0.3,10.0,2.0,0.6719180691626764,,,
MultiViewCNN,0,0,8,0.0008,0.0001,0.3,10.0,3.0,0.6666939681576144,,,
MultiViewCNN,0,0,8,0.0008,0.0001,0.3,10.0,4.0,0.664663685906318,,,
MultiViewCNN,0,0,8,0.0008,0.0001,0.3,10.0,5.0,0.6543178519895,,,
MultiViewCNN,0,0,8,0.0008,0.0001,0.3,10.0,6.0,0.6406284109238656,,,
MultiViewCNN,0,0,8,0.0008,0.0001,0.3,10.0,7.0,0.6430665696820905,,,
MultiViewCNN,0,0,8,0.0008,0.0001,0.3,10.0,8.0,0.6527292632287548,,,
MultiViewCNN,0,0,8,0.0008,0.0001,0.3,10.0,9.0,0.6193508236638962,,,
MultiViewCNN,0,0,8,0.0008,0.0001,0.3,10.0,,,0.6194,,
MultiViewCNN,0,1,8,0.0008,0.0001,0.3,10.0,0.0,0.6879136639256631,,,
MultiViewCNN,0,1,8,0.0008,0.0001,0.3,10.0,1.0,0.678282706968246,,,
MultiViewCNN,0,1,8,0.0008,0.0001,0.3,10.0,2.0,0.6680097214637264,,,
MultiViewCNN,0,1,8,0.0008,0.0001,0.3,10.0,3.0,0.6484363271344092,,,
MultiViewCNN,0,1,8,0.0008,0.0001,0.3,10.0,4.0,0.6318577797182144,,,
MultiViewCNN,0,1,8,0.0008,0.0001,0.3,10.0,5.0,0.6128922873927701,,,
MultiViewCNN,0,1,8,0.0008,0.0001,0.3,10.0,6.0,0.5964342548001197,,,
MultiViewCNN,0,1,8,0.0008,0.0001,0.3,10.0,7.0,0.580596387386322,,,
MultiViewCNN,0,1,8,0.0008,0.0001,0.3,10.0,8.0,0.5654687727651289,,,
MultiViewCNN,0,1,8,0.0008,0.0001,0.3,10.0,9.0,0.5369774872256864,,,
MultiViewCNN,0,1,8,0.0008,0.0001,0.3,10.0,,,0.537,,
MultiViewCNN,0,2,8,0.0008,0.0001,0.3,10.0,0.0,0.6937791512858483,,,
MultiViewCNN,0,2,8,0.0008,0.0001,0.3,10.0,1.0,0.69156410232667,,,
MultiViewCNN,0,2,8,0.0008,0.0001,0.3,10.0,2.0,0.6903382866613327,,,
MultiViewCNN,0,2,8,0.0008,0.0001,0.3,10.0,3.0,0.6968743531934677,,,
MultiViewCNN,0,2,8,0.0008,0.0001,0.3,10.0,4.0,0.7034943507563683,,,
MultiViewCNN,0,2,8,0.0008,0.0001,0.3,10.0,5.0,0.7040814218982574,,,
MultiViewCNN,0,2,8,0.0008,0.0001,0.3,10.0,,,0.6903,,
MultiViewCNN,0,0,8,,,,,,,,0.0,0.6156
MultiViewCNN,0,0,9,0.0008,1e-06,0.2,10.0,0.0,0.6887799693692115,,,
MultiViewCNN,0,0,9,0.0008,1e-06,0.2,10.0,1.0,0.6782388264133085,,,
MultiViewCNN,0,0,9,0.0008,1e-06,0.2,10.0,2.0,0.6652811284988157,,,
MultiViewCNN,0,0,9,0.0008,1e-06,0.2,10.0,3.0,0.6593268167588019,,,
MultiViewCNN,0,0,9,0.0008,1e-06,0.2,10.0,4.0,0.6335007298377252,,,
MultiViewCNN,0,0,9,0.0008,1e-06,0.2,10.0,5.0,0.6251377271067712,,,
MultiViewCNN,0,0,9,0.0008,1e-06,0.2,10.0,6.0,0.6276001411099588,,,
MultiViewCNN,0,0,9,0.0008,1e-06,0.2,10.0,7.0,0.6131079446884894,,,
MultiViewCNN,0,0,9,0.0008,1e-06,0.2,10.0,8.0,0.6029806040948437,,,
MultiViewCNN,0,0,9,0.0008,1e-06,0.2,10.0,9.0,0.5806012019034354,,,
MultiViewCNN,0,0,9,0.0008,1e-06,0.2,10.0,,,0.5806,,
MultiViewCNN,0,1,9,0.0008,1e-06,0.2,10.0,0.0,0.6807731005453295,,,
MultiViewCNN,0,1,9,0.0008,1e-06,0.2,10.0,1.0,0.6696788322541022,,,
MultiViewCNN,0,1,9,0.0008,1e-06,0.2,10.0,2.0,0.6529009919012746,,,
MultiViewCNN,0,1,9,0.0008,1e-06,0.2,10.0,3.0,0.6396924737961062,,,
MultiViewCNN,0,1,9,0.0008,1e-06,0.2,10.0,4.0,0.6363340193225492,,,
MultiViewCNN,0,1,9,0.0008,1e-06,0.2,10.0,5.0,0.629946477951542,,,
MultiViewCNN,0,1,9,0.0008,1e-06,0.2,10.0,6.0,0.6228515832654892,,,
MultiViewCNN,0,1,9,0.0008,1e-06,0.2,10.0,7.0,0.605268249588628,,,
MultiViewCNN,0,1,9,0.0008,1e-06,0.2,10.0,8.0,0.5944324616462954,,,
MultiViewCNN,0,1,9,0.0008,1e-06,0.2,10.0,9.0,0.5504627381601641,,,
MultiViewCNN,0,1,9,0.0008,1e-06,0.2,10.0,,,0.5505,,
MultiViewCNN,0,2,9,0.0008,1e-06,0.2,10.0,0.0,0.6903925768790706,,,
MultiViewCNN,0,2,9,0.0008,1e-06,0.2,10.0,1.0,0.6855277149908005,,,
MultiViewCNN,0,2,9,0.0008,1e-06,0.2,10.0,2.0,0.688280088286246,,,
MultiViewCNN,0,2,9,0.0008,1e-06,0.2,10.0,3.0,0.6828696612388857,,,
MultiViewCNN,0,2,9,0.0008,1e-06,0.2,10.0,4.0,0.6636381168519297,,,
MultiViewCNN,0,2,9,0.0008,1e-06,0.2,10.0,5.0,0.6793011176970697,,,
MultiViewCNN,0,2,9,0.0008,1e-06,0.2,10.0,6.0,0.6721631903802195,,,
MultiViewCNN,0,2,9,0.0008,1e-06,0.2,10.0,7.0,0.6280446888939026,,,
MultiViewCNN,0,2,9,0.0008,1e-06,0.2,10.0,8.0,0.6024823015735995,,,
MultiViewCNN,0,2,9,0.0008,1e-06,0.2,10.0,9.0,0.5730758876569809,,,
MultiViewCNN,0,2,9,0.0008,1e-06,0.2,10.0,,,0.5731,,
MultiViewCNN,0,0,9,,,,,,,,0.0,0.568
MultiViewCNN,1,0,1,0.0005,0.0001,0.2,10.0,0.0,0.6897792220115662,,,
MultiViewCNN,1,0,1,0.0005,0.0001,0.2,10.0,1.0,0.6790162473917007,,,
MultiViewCNN,1,0,1,0.0005,0.0001,0.2,10.0,2.0,0.6606814861297607,,,
MultiViewCNN,1,0,1,0.0005,0.0001,0.2,10.0,3.0,0.6446920186281204,,,
MultiViewCNN,1,0,1,0.0005,0.0001,0.2,10.0,4.0,0.6357696354389191,,,
MultiViewCNN,1,0,1,0.0005,0.0001,0.2,10.0,5.0,0.6242300868034363,,,
MultiViewCNN,1,0,1,0.0005,0.0001,0.2,10.0,6.0,0.6113474518060684,,,
MultiViewCNN,1,0,1,0.0005,0.0001,0.2,10.0,7.0,0.6030273288488388,,,
MultiViewCNN,1,0,1,0.0005,0.0001,0.2,10.0,8.0,0.5945227891206741,,,
MultiViewCNN,1,0,1,0.0005,0.0001,0.2,10.0,9.0,0.5944157242774963,,,
MultiViewCNN,1,0,1,0.0005,0.0001,0.2,10.0,,,0.5944,,
MultiViewCNN,1,1,1,0.0005,0.0001,0.2,10.0,0.0,0.6826630042445275,,,
MultiViewCNN,1,1,1,0.0005,0.0001,0.2,10.0,1.0,0.6699687953918211,,,
MultiViewCNN,1,1,1,0.0005,0.0001,0.2,10.0,2.0,0.6514293455308483,,,
MultiViewCNN,1,1,1,0.0005,0.0001,0.2,10.0,3.0,0.638018379288335,,,
MultiViewCNN,1,1,1,0.0005,0.0001,0.2,10.0,4.0,0.6293249534022424,,,
MultiViewCNN,1,1,1,0.0005,0.0001,0.2,10.0,5.0,0.6148436627080364,,,
MultiViewCNN,1,1,1,0.0005,0.0001,0.2,10.0,6.0,0.6080439475274855,,,
MultiViewCNN,1,1,1,0.0005,0.0001,0.2,10.0,7.0,0.5974681415865498,,,
MultiViewCNN,1,1,1,0.0005,0.0001,0.2,10.0,8.0,0.5805155538743542,,,
MultiViewCNN,1,1,1,0.0005,0.0001,0.2,10.0,9.0,0.5909101924588603,,,
MultiViewCNN,1,1,1,0.0005,0.0001,0.2,10.0,,,0.5805,,
MultiViewCNN,1,2,1,0.0005,0.0001,0.2,10.0,0.0,0.6899381741400687,,,
MultiViewCNN,1,2,1,0.0005,0.0001,0.2,10.0,1.0,0.680880734997411,,,
MultiViewCNN,1,2,1,0.0005,0.0001,0.2,10.0,2.0,0.6713706639505201,,,
MultiViewCNN,1,2,1,0.0005,0.0001,0.2,10.0,3.0,0.6629152663292424,,,
MultiViewCNN,1,2,1,0.0005,0.0001,0.2,10.0,4.0,0.6492161846929981,,,
MultiViewCNN,1,2,1,0.0005,0.0001,0.2,10.0,5.0,0.6391231379201335,,,
MultiViewCNN,1,2,1,0.0005,0.0001,0.2,10.0,6.0,0.6258275393516787,,,
MultiViewCNN,1,2,1,0.0005,0.0001,0.2,10.0,7.0,0.6121529590698981,,,
MultiViewCNN,1,2,1,0.0005,0.0001,0.2,10.0,8.0,0.6012763534822771,,,
MultiViewCNN,1,2,1,0.0005,0.0001,0.2,10.0,9.0,0.6074411830594463,,,
MultiViewCNN,1,2,1,0.0005,0.0001,0.2,10.0,,,0.6013,,
MultiViewCNN,1,1,1,,,,,,,,1.0,0.5921
MultiViewCNN,1,0,2,0.0005,0.0001,0.3,10.0,0.0,0.6864933222532272,,,
MultiViewCNN,1,0,2,0.0005,0.0001,0.3,10.0,1.0,0.6738422214984894,,,
MultiViewCNN,1,0,2,0.0005,0.0001,0.3,10.0,2.0,0.6594903320074081,,,
MultiViewCNN,1,0,2,0.0005,0.0001,0.3,10.0,3.0,0.6423627734184265,,,
MultiViewCNN,1,0,2,0.0005,0.0001,0.3,10.0,4.0,0.6309812515974045,,,
MultiViewCNN,1,0,2,0.0005,0.0001,0.3,10.0,5.0,0.6174513697624207,,,
MultiViewCNN,1,0,2,0.0005,0.0001,0.3,10.0,6.0,0.5979699194431305,,,
MultiViewCNN,1,0,2,0.0005,0.0001,0.3,10.0,7.0,0.5833876132965088,,,
MultiViewCNN,1,0,2,0.0005,0.0001,0.3,10.0,8.0,0.5737981051206589,,,
MultiViewCNN,1,0,2,0.0005,0.0001,0.3,10.0,9.0,0.5618049576878548,,,
MultiViewCNN,1,0,2,0.0005,0.0001,0.3,10.0,,,0.5618,,
MultiViewCNN,1,1,2,0.0005,0.0001,0.3,10.0,0.0,0.6863659062693196,,,
MultiViewCNN,1,1,2,0.0005,0.0001,0.3,10.0,1.0,0.6781050620540496,,,
MultiViewCNN,1,1,2,0.0005,0.0001,0.3,10.0,2.0,0.6686696602452186,,,
MultiViewCNN,1,1,2,0.0005,0.0001,0.3,10.0,3.0,0.6625089491567304,,,
MultiViewCNN,1,1,2,0.0005,0.0001,0.3,10.0,4.0,0.6546412321829027,,,
MultiViewCNN,1,1,2,0.0005,0.0001,0.3,10.0,5.0,0.6500009625188766,,,
MultiViewCNN,1,1,2,0.0005,0.0001,0.3,10.0,6.0,0.6538405610669044,,,
MultiViewCNN,1,1,2,0.0005,0.0001,0.3,10.0,7.0,0.6448840825788437,,,
MultiViewCNN,1,1,2,0.0005,0.0001,0.3,10.0,8.0,0.6237100016686224,,,
MultiViewCNN,1,1,2,0.0005,0.0001,0.3,10.0,9.0,0.6083463353495444,,,
MultiViewCNN,1,1,2,0.0005,0.0001,0.3,10.0,,,0.6083,,
MultiViewCNN,1,2,2,0.0005,0.0001,0.3,10.0,0.0,0.6864947330567145,,,
MultiViewCNN,1,2,2,0.0005,0.0001,0.3,10.0,1.0,0.6780875209839113,,,
MultiViewCNN,1,2,2,0.0005,0.0001,0.3,10.0,2.0,0.6690710398458666,,,
MultiViewCNN,1,2,2,0.0005,0.0001,0.3,10.0,3.0,0.6653506428964676,,,
MultiViewCNN,1,2,2,0.0005,0.0001,0.3,10.0,4.0,0.6527738878803868,,,
MultiViewCNN,1,2,2,0.0005,0.0001,0.3,10.0,5.0,0.6475616481996351,,,
MultiViewCNN,1,2,2,0.0005,0.0001,0.3,10.0,6.0,0.6352423025715735,,,
MultiViewCNN,1,2,2,0.0005,0.0001,0.3,10.0,7.0,0.6324074441386808,,,
MultiViewCNN,1,2,2,0.0005,0.0001,0.3,10.0,8.0,0.5993778397960048,,,
MultiViewCNN,1,2,2,0.0005,0.0001,0.3,10.0,9.0,0.6083112551319984,,,
MultiViewCNN,1,2,2,0.0005,0.0001,0.3,10.0,,,0.5994,,
MultiViewCNN,1,1,2,,,,,,,,1.0,0.5898
MultiViewCNN,1,0,3,0.0005,0.0001,0.4,10.0,0.0,0.6938970983028412,,,
MultiViewCNN,1,0,3,0.0005,0.0001,0.4,10.0,1.0,0.6832591742277145,,,
MultiViewCNN,1,0,3,0.0005,0.0001,0.4,10.0,2.0,0.670607402920723,,,
MultiViewCNN,1,0,3,0.0005,0.0001,0.4,10.0,3.0,0.6586485505104065,,,
MultiViewCNN,1,0,3,0.0005,0.0001,0.4,10.0,4.0,0.648372232913971,,,
MultiViewCNN,1,0,3,0.0005,0.0001,0.4,10.0,5.0,0.6377180069684982,,,
MultiViewCNN,1,0,3,0.0005,0.0001,0.4,10.0,6.0,0.6271127164363861,,,
MultiViewCNN,1,0,3,0.0005,0.0001,0.4,10.0,7.0,0.6202710717916489,,,
MultiViewCNN,1,0,3,0.0005,0.0001,0.4,10.0,8.0,0.6155098974704742,,,
MultiViewCNN,1,0,3,0.0005,0.0001,0.4,10.0,9.0,0.598029226064682,,,
MultiViewCNN,1,0,3,0.0005,0.0001,0.4,10.0,,,0.598,,
MultiViewCNN,1,1,3,0.0005,0.0001,0.4,10.0,0.0,0.6878751574024078,,,
MultiViewCNN,1,1,3,0.0005,0.0001,0.4,10.0,1.0,0.6798942915854915,,,
MultiViewCNN,1,1,3,0.0005,0.0001,0.4,10.0,2.0,0.6693652252997121,,,
MultiViewCNN,1,1,3,0.0005,0.0001,0.4,10.0,3.0,0.6569799511663376,,,
MultiViewCNN,1,1,3,0.0005,0.0001,0.4,10.0,4.0,0.6471539332020667,,,
MultiViewCNN,1,1,3,0.0005,0.0001,0.4,10.0,5.0,0.6394667933064122,,,
MultiViewCNN,1,1,3,0.0005,0.0001,0.4,10.0,6.0,0.6366854829172934,,,
MultiViewCNN,1,1,3,0.0005,0.0001,0.4,10.0,7.0,0.6182506103669444,,,
MultiViewCNN,1,1,3,0.0005,0.0001,0.4,10.0,8.0,0.609885775273846,,,
MultiViewCNN,1,1,3,0.0005,0.0001,0.4,10.0,9.0,0.5993747691954335,,,
MultiViewCNN,1,1,3,0.0005,0.0001,0.4,10.0,,,0.5994,,
MultiViewCNN,1,2,3,0.0005,0.0001,0.4,10.0,0.0,0.6880361668525203,,,
MultiViewCNN,1,2,3,0.0005,0.0001,0.4,10.0,1.0,0.6807560824578808,,,
MultiViewCNN,1,2,3,0.0005,0.0001,0.4,10.0,2.0,0.6742334212026289,,,
MultiViewCNN,1,2,3,0.0005,0.0001,0.4,10.0,3.0,0.6666476322758582,,,
MultiViewCNN,1,2,3,0.0005,0.0001,0.4,10.0,4.0,0.660387106480137,,,
MultiViewCNN,1,2,3,0.0005,0.0001,0.4,10.0,5.0,0.6530319644558814,,,
MultiViewCNN,1,2,3,0.0005,0.0001,0.4,10.0,6.0,0.6474642926646818,,,
MultiViewCNN,1,2,3,0.0005,0.0001,0.4,10.0,7.0,0.6395081377798512,,,
MultiViewCNN,1,2,3,0.0005,0.0001,0.4,10.0,8.0,0.6336069318556017,,,
MultiViewCNN,1,2,3,0.0005,0.0001,0.4,10.0,9.0,0.6260092469953722,,,
MultiViewCNN,1,2,3,0.0005,0.0001,0.4,10.0,,,0.626,,
MultiViewCNN,1,1,3,,,,,,,,1.0,0.6078
MultiViewCNN,1,0,4,0.0005,1e-06,0.2,10.0,0.0,0.690012589097023,,,
MultiViewCNN,1,0,4,0.0005,1e-06,0.2,10.0,1.0,0.6759366989135742,,,
MultiViewCNN,1,0,4,0.0005,1e-06,0.2,10.0,2.0,0.6655426323413849,,,
MultiViewCNN,1,0,4,0.0005,1e-06,0.2,10.0,3.0,0.6570885628461838,,,
MultiViewCNN,1,0,4,0.0005,1e-06,0.2,10.0,4.0,0.6464779675006866,,,
MultiViewCNN,1,0,4,0.0005,1e-06,0.2,10.0,5.0,0.6341434121131897,,,
MultiViewCNN,1,0,4,0.0005,1e-06,0.2,10.0,6.0,0.6273278295993805,,,
MultiViewCNN,1,0,4,0.0005,1e-06,0.2,10.0,7.0,0.6151906847953796,,,
MultiViewCNN,1,0,4,0.0005,1e-06,0.2,10.0,8.0,0.6014793664216995,,,
MultiViewCNN,1,0,4,0.0005,1e-06,0.2,10.0,9.0,0.5847764760255814,,,
MultiViewCNN,1,0,4,0.0005,1e-06,0.2,10.0,,,0.5848,,
MultiViewCNN,1,1,4,0.0005,1e-06,0.2,10.0,0.0,0.6862188096969358,,,
MultiViewCNN,1,1,4,0.0005,1e-06,0.2,10.0,1.0,0.6737468838691711,,,
MultiViewCNN,1,1,4,0.0005,1e-06,0.2,10.0,2.0,0.6584226027611764,,,
MultiViewCNN,1,1,4,0.0005,1e-06,0.2,10.0,3.0,0.6406303009679241,,,
MultiViewCNN,1,1,4,0.0005,1e-06,0.2,10.0,4.0,0.6396564822043141,,,
MultiViewCNN,1,1,4,0.0005,1e-06,0.2,10.0,5.0,0.6196853114712623,,,
MultiViewCNN,1,1,4,0.0005,1e-06,0.2,10.0,6.0,0.6082300793740057,,,
MultiViewCNN,1,1,4,0.0005,1e-06,0.2,10.0,7.0,0.5876361939214891,,,
MultiViewCNN,1,1,4,0.0005,1e-06,0.2,10.0,8.0,0.5893814486842002,,,
MultiViewCNN,1,1,4,0.0005,1e-06,0.2,10.0,9.0,0.5787579724865575,,,
MultiViewCNN,1,1,4,0.0005,1e-06,0.2,10.0,,,0.5788,,
MultiViewCNN,1,2,4,0.0005,1e-06,0.2,10.0,0.0,0.6867636346047924,,,
MultiViewCNN,1,2,4,0.0005,1e-06,0.2,10.0,1.0,0.6777553154576209,,,
MultiViewCNN,1,2,4,0.0005,1e-06,0.2,10.0,2.0,0.666318791527902,,,
MultiViewCNN,1,2,4,0.0005,1e-06,0.2,10.0,3.0,0.6529975994940727,,,
MultiViewCNN,1,2,4,0.0005,1e-06,0.2,10.0,4.0,0.6433159420567174,,,
MultiViewCNN,1,2,4,0.0005,1e-06,0.2,10.0,5.0,0.6331078910058544,,,
MultiViewCNN,1,2,4,0.0005,1e-06,0.2,10.0,6.0,0.6217792303331436,,,
MultiViewCNN,1,2,4,0.0005,1e-06,0.2,10.0,7.0,0.6145890624292435,,,
MultiViewCNN,1,2,4,0.0005,1e-06,0.2,10.0,8.0,0.6002412169210373,,,
MultiViewCNN,1,2,4,0.0005,1e-06,0.2,10.0,9.0,0.5831556224053905,,,
MultiViewCNN,1,2,4,0.0005,1e-06,0.2,10.0,,,0.5832,,
MultiViewCNN,1,1,4,,,,,,,,1.0,0.5822
MultiViewCNN,1,0,5,0.0002,0.0001,0.2,10.0,0.0,0.6909635066986084,,,
MultiViewCNN,1,0,5,0.0002,0.0001,0.2,10.0,1.0,0.6859946846961975,,,
MultiViewCNN,1,0,5,0.0002,0.0001,0.2,10.0,2.0,0.6768606603145599,,,
MultiViewCNN,1,0,5,0.0002,0.0001,0.2,10.0,3.0,0.6687086224555969,,,
MultiViewCNN,1,0,5,0.0002,0.0001,0.2,10.0,4.0,0.662339374423027,,,
MultiViewCNN,1,0,5,0.0002,0.0001,0.2,10.0,5.0,0.6569271385669708,,,
MultiViewCNN,1,0,5,0.0002,0.0001,0.2,10.0,6.0,0.6518844068050385,,,
MultiViewCNN,1,0,5,0.0002,0.0001,0.2,10.0,7.0,0.6467080861330032,,,
MultiViewCNN,1,0,5,0.0002,0.0001,0.2,10.0,8.0,0.6419570595026016,,,
MultiViewCNN,1,0,5,0.0002,0.0001,0.2,10.0,9.0,0.6376830190420151,,,
MultiViewCNN,1,0,5,0.0002,0.0001,0.2,10.0,,,0.6377,,
MultiViewCNN,1,1,5,0.0002,0.0001,0.2,10.0,0.0,0.6880555672030295,,,
MultiViewCNN,1,1,5,0.0002,0.0001,0.2,10.0,1.0,0.6809766484845069,,,
MultiViewCNN,1,1,5,0.0002,0.0001,0.2,10.0,2.0,0.6716596734139227,,,
MultiViewCNN,1,1,5,0.0002,0.0001,0.2,10.0,3.0,0.6635015760698626,,,
MultiViewCNN,1,1,5,0.0002,0.0001,0.2,10.0,4.0,0.6567763686180115,,,
MultiViewCNN,1,1,5,0.0002,0.0001,0.2,10.0,5.0,0.6523398180161754,,,
MultiViewCNN,1,1,5,0.0002,0.0001,0.2,10.0,6.0,0.6438435066130853,,,
MultiViewCNN,1,1,5,0.0002,0.0001,0.2,10.0,7.0,0.6412635022594083,,,
MultiViewCNN,1,1,5,0.0002,0.0001,0.2,10.0,8.0,0.6380058161674007,,,
MultiViewCNN,1,1,5,0.0002,0.0001,0.2,10.0,9.0,0.6328583494309457,,,
MultiViewCNN,1,1,5,0.0002,0.0001,0.2,10.0,,,0.6329,,
MultiViewCNN,1,2,5,0.0002,0.0001,0.2,10.0,0.0,0.6959680837969626,,,
MultiViewCNN,1,2,5,0.0002,0.0001,0.2,10.0,1.0,0.6902784743616658,,,
MultiViewCNN,1,2,5,0.0002,0.0001,0.2,10.0,2.0,0.6839250902975759,,,
MultiViewCNN,1,2,5,0.0002,0.0001,0.2,10.0,3.0,0.677132902606841,,,
MultiViewCNN,1,2,5,0.0002,0.0001,0.2,10.0,4.0,0.6709779193324428,,,
MultiViewCNN,1,2,5,0.0002,0.0001,0.2,10.0,5.0,0.6661314656657558,,,
MultiViewCNN,1,2,5,0.0002,0.0001,0.2,10.0,6.0,0.6611605459643949,,,
MultiViewCNN,1,2,5,0.0002,0.0001,0.2,10.0,7.0,0.6567680431950477,,,
MultiViewCNN,1,2,5,0.0002,0.0001,0.2,10.0,8.0,0.6527889467054798,,,
MultiViewCNN,1,2,5,0.0002,0.0001,0.2,10.0,9.0,0.6481319877409166,,,
MultiViewCNN,1,2,5,0.0002,0.0001,0.2,10.0,,,0.6481,,
MultiViewCNN,1,1,5,,,,,,,,1.0,0.6396
MultiViewCNN,1,0,6,0.0008,0.0001,0.2,10.0,0.0,0.6797020882368088,,,
MultiViewCNN,1,0,6,0.0008,0.0001,0.2,10.0,1.0,0.664789229631424,,,
MultiViewCNN,1,0,6,0.0008,0.0001,0.2,10.0,2.0,0.6453594863414764,,,
MultiViewCNN,1,0,6,0.0008,0.0001,0.2,10.0,3.0,0.6293215453624725,,,
MultiViewCNN,1,0,6,0.0008,0.0001,0.2,10.0,4.0,0.6108873337507248,,,
MultiViewCNN,1,0,6,0.0008,0.0001,0.2,10.0,5.0,0.5978608280420303,,,
MultiViewCNN,1,0,6,0.0008,0.0001,0.2,10.0,6.0,0.5807792991399765,,,
MultiViewCNN,1,0,6,0.0008,0.0001,0.2,10.0,7.0,0.5798366516828537,,,
MultiViewCNN,1,0,6,0.0008,0.0001,0.2,10.0,8.0,0.5325230658054352,,,
MultiViewCNN,1,0,6,0.0008,0.0001,0.2,10.0,9.0,0.5202333405613899,,,
MultiViewCNN,1,0,6,0.0008,0.0001,0.2,10.0,,,0.5202,,
MultiViewCNN,1,1,6,0.0008,0.0001,0.2,10.0,0.0,0.6827292865322482,,,
MultiViewCNN,1,1,6,0.0008,0.0001,0.2,10.0,1.0,0.6639598108107044,,,
MultiViewCNN,1,1,6,0.0008,0.0001,0.2,10.0,2.0,0.6421785796842268,,,
MultiViewCNN,1,1,6,0.0008,0.0001,0.2,10.0,3.0,0.6243846147291122,,,
MultiViewCNN,1,1,6,0.0008,0.0001,0.2,10.0,4.0,0.6000754717857607,,,
MultiViewCNN,1,1,6,0.0008,0.0001,0.2,10.0,5.0,0.5978879351769725,,,
MultiViewCNN,1,1,6,0.0008,0.0001,0.2,10.0,6.0,0.555807480888982,,,
MultiViewCNN,1,1,6,0.0008,0.0001,0.2,10.0,7.0,0.5447260968146785,,,
MultiViewCNN,1,1,6,0.0008,0.0001,0.2,10.0,8.0,0.5501749880852238,,,
MultiViewCNN,1,1,6,0.0008,0.0001,0.2,10.0,9.0,0.5085129161034861,,,
MultiViewCNN,1,1,6,0.0008,0.0001,0.2,10.0,,,0.5085,,
MultiViewCNN,1,2,6,0.0008,0.0001,0.2,10.0,0.0,0.6883464224876896,,,
MultiViewCNN,1,2,6,0.0008,0.0001,0.2,10.0,1.0,0.6739234905089101,,,
MultiViewCNN,1,2,6,0.0008,0.0001,0.2,10.0,2.0,0.6591537075657998,,,
MultiViewCNN,1,2,6,0.0008,0.0001,0.2,10.0,3.0,0.6449487997639564,,,
MultiViewCNN,1,2,6,0.0008,0.0001,0.2,10.0,4.0,0.6290379762649536,,,
MultiViewCNN,1,2,6,0.0008,0.0001,0.2,10.0,5.0,0.6141639832527407,,,
MultiViewCNN,1,2,6,0.0008,0.0001,0.2,10.0,6.0,0.5900520317016109,,,
MultiViewCNN,1,2,6,0.0008,0.0001,0.2,10.0,7.0,0.5663547323596093,,,
MultiViewCNN,1,2,6,0.0008,0.0001,0.2,10.0,8.0,0.5651667848710091,,,
MultiViewCNN,1,2,6,0.0008,0.0001,0.2,10.0,9.0,0.57522681836159,,,
MultiViewCNN,1,2,6,0.0008,0.0001,0.2,10.0,,,0.5652,,
MultiViewCNN,1,1,6,,,,,,,,1.0,0.5313
MultiViewCNN,1,0,7,0.0007,0.0001,0.2,10.0,0.0,0.6843678653240204,,,
MultiViewCNN,1,0,7,0.0007,0.0001,0.2,10.0,1.0,0.6730088293552399,,,
MultiViewCNN,1,0,7,0.0007,0.0001,0.2,10.0,2.0,0.6605234891176224,,,
MultiViewCNN,1,0,7,0.0007,0.0001,0.2,10.0,3.0,0.6521744430065155,,,
MultiViewCNN,1,0,7,0.0007,0.0001,0.2,10.0,4.0,0.6444085240364075,,,
MultiViewCNN,1,0,7,0.0007,0.0001,0.2,10.0,5.0,0.6360124349594116,,,
MultiViewCNN,1,0,7,0.0007,0.0001,0.2,10.0,6.0,0.6292571574449539,,,
MultiViewCNN,1,0,7,0.0007,0.0001,0.2,10.0,7.0,0.6206071674823761,,,
MultiViewCNN,1,0,7,0.0007,0.0001,0.2,10.0,8.0,0.6123179793357849,,,
MultiViewCNN,1,0,7,0.0007,0.0001,0.2,10.0,9.0,0.6540697515010834,,,
MultiViewCNN,1,0,7,0.0007,0.0001,0.2,10.0,,,0.6123,,
MultiViewCNN,1,1,7,0.0007,0.0001,0.2,10.0,0.0,0.684715784365131,,,
MultiViewCNN,1,1,7,0.0007,0.0001,0.2,10.0,1.0,0.6709128522103832,,,
MultiViewCNN,1,1,7,0.0007,0.0001,0.2,10.0,2.0,0.6611720092834965,,,
MultiViewCNN,1,1,7,0.0007,0.0001,0.2,10.0,3.0,0.6491843327399223,,,
MultiViewCNN,1,1,7,0.0007,0.0001,0.2,10.0,4.0,0.6433193145259735,,,
MultiViewCNN,1,1,7,0.0007,0.0001,0.2,10.0,5.0,0.6314836067538108,,,
MultiViewCNN,1,1,7,0.0007,0.0001,0.2,10.0,6.0,0.6174680071492349,,,
MultiViewCNN,1,1,7,0.0007,0.0001,0.2,10.0,7.0,0.6063617006424935,,,
MultiViewCNN,1,1,7,0.0007,0.0001,0.2,10.0,8.0,0.5886179747120026,,,
MultiViewCNN,1,1,7,0.0007,0.0001,0.2,10.0,9.0,0.5757403700582443,,,
MultiViewCNN,1,1,7,0.0007,0.0001,0.2,10.0,,,0.5757,,
MultiViewCNN,1,2,7,0.0007,0.0001,0.2,10.0,0.0,0.6827465680337721,,,
MultiViewCNN,1,2,7,0.0007,0.0001,0.2,10.0,1.0,0.6674396203410241,,,
MultiViewCNN,1,2,7,0.0007,0.0001,0.2,10.0,2.0,0.6469574955201918,,,
MultiViewCNN,1,2,7,0.0007,0.0001,0.2,10.0,3.0,0.629866244331483,,,
MultiViewCNN,1,2,7,0.0007,0.0001,0.2,10.0,4.0,0.6126188751189939,,,
MultiViewCNN,1,2,7,0.0007,0.0001,0.2,10.0,5.0,0.5928357339674427,,,
MultiViewCNN,1,2,7,0.0007,0.0001,0.2,10.0,6.0,0.5816537161027232,,,
MultiViewCNN,1,2,7,0.0007,0.0001,0.2,10.0,7.0,0.5597503992819017,,,
MultiViewCNN,1,2,7,0.0007,0.0001,0.2,10.0,8.0,0.5970350215511937,,,
MultiViewCNN,1,2,7,0.0007,0.0001,0.2,10.0,9.0,0.542259810432311,,,
MultiViewCNN,1,2,7,0.0007,0.0001,0.2,10.0,,,0.5423,,
MultiViewCNN,1,1,7,,,,,,,,1.0,0.5768
MultiViewCNN,1,0,8,0.0008,0.0001,0.3,10.0,0.0,0.6857707798480988,,,
MultiViewCNN,1,0,8,0.0008,0.0001,0.3,10.0,1.0,0.6733187437057495,,,
MultiViewCNN,1,0,8,0.0008,0.0001,0.3,10.0,2.0,0.6572711765766144,,,
MultiViewCNN,1,0,8,0.0008,0.0001,0.3,10.0,3.0,0.6397952735424042,,,
MultiViewCNN,1,0,8,0.0008,0.0001,0.3,10.0,4.0,0.6253255009651184,,,
MultiViewCNN,1,0,8,0.0008,0.0001,0.3,10.0,5.0,0.6096899807453156,,,
MultiViewCNN,1,0,8,0.0008,0.0001,0.3,10.0,6.0,0.6035220175981522,,,
MultiViewCNN,1,0,8,0.0008,0.0001,0.3,10.0,7.0,0.5825529396533966,,,
MultiViewCNN,1,0,8,0.0008,0.0001,0.3,10.0,8.0,0.58086858689785,,,
MultiViewCNN,1,0,8,0.0008,0.0001,0.3,10.0,9.0,0.5710152089595795,,,
MultiViewCNN,1,0,8,0.0008,0.0001,0.3,10.0,,,0.571,,
MultiViewCNN,1,1,8,0.0008,0.0001,0.3,10.0,0.0,0.6862033432529818,,,
MultiViewCNN,1,1,8,0.0008,0.0001,0.3,10.0,1.0,0.6699824698509709,,,
MultiViewCNN,1,1,8,0.0008,0.0001,0.3,10.0,2.0,0.6539811453511638,,,
MultiViewCNN,1,1,8,0.0008,0.0001,0.3,10.0,3.0,0.6296841713689989,,,
MultiViewCNN,1,1,8,0.0008,0.0001,0.3,10.0,4.0,0.6209299602816182,,,
MultiViewCNN,1,1,8,0.0008,0.0001,0.3,10.0,5.0,0.6004205365334788,,,
MultiViewCNN,1,1,8,0.0008,0.0001,0.3,10.0,6.0,0.5794904866526204,,,
MultiViewCNN,1,1,8,0.0008,0.0001,0.3,10.0,7.0,0.563975324553828,,,
MultiViewCNN,1,1,8,0.0008,0.0001,0.3,10.0,8.0,0.5448968468173858,,,
MultiViewCNN,1,1,8,0.0008,0.0001,0.3,10.0,9.0,0.539292908483936,,,
MultiViewCNN,1,1,8,0.0008,0.0001,0.3,10.0,,,0.5393,,
MultiViewCNN,1,2,8,0.0008,0.0001,0.3,10.0,0.0,0.6890976025212195,,,
MultiViewCNN,1,2,8,0.0008,0.0001,0.3,10.0,1.0,0.6697287674873106,,,
MultiViewCNN,1,2,8,0.0008,0.0001,0.3,10.0,2.0,0.6407845289476456,,,
MultiViewCNN,1,2,8,0.0008,0.0001,0.3,10.0,3.0,0.615038889069711,,,
MultiViewCNN,1,2,8,0.0008,0.0001,0.3,10.0,4.0,0.5908518452798167,,,
MultiViewCNN,1,2,8,0.0008,0.0001,0.3,10.0,5.0,0.5812314960264391,,,
MultiViewCNN,1,2,8,0.0008,0.0001,0.3,10.0,6.0,0.5454039996670138,,,
MultiViewCNN,1,2,8,0.0008,0.0001,0.3,10.0,7.0,0.5884940893419327,,,
MultiViewCNN,1,2,8,0.0008,0.0001,0.3,10.0,8.0,0.6722549719195212,,,
MultiViewCNN,1,2,8,0.0008,0.0001,0.3,10.0,9.0,0.49134676687179074,,,
MultiViewCNN,1,2,8,0.0008,0.0001,0.3,10.0,,,0.4913,,
MultiViewCNN,1,1,8,,,,,,,,1.0,0.5339
MultiViewCNN,2,0,1,0.0005,0.0001,0.2,10.0,0.0,0.6949091553688049,,,
MultiViewCNN,2,0,1,0.0005,0.0001,0.2,10.0,1.0,0.684845820069313,,,
MultiViewCNN,2,0,1,0.0005,0.0001,0.2,10.0,2.0,0.669401690363884,,,
MultiViewCNN,2,0,1,0.0005,0.0001,0.2,10.0,3.0,0.6465546786785126,,,
MultiViewCNN,2,0,1,0.0005,0.0001,0.2,10.0,4.0,0.6308641731739044,,,
MultiViewCNN,2,0,1,0.0005,0.0001,0.2,10.0,5.0,0.6166395395994186,,,
MultiViewCNN,2,0,1,0.0005,0.0001,0.2,10.0,6.0,0.6064163073897362,,,
MultiViewCNN,2,0,1,0.0005,0.0001,0.2,10.0,7.0,0.5957919210195541,,,
MultiViewCNN,2,0,1,0.0005,0.0001,0.2,10.0,8.0,0.593585878610611,,,
MultiViewCNN,2,0,1,0.0005,0.0001,0.2,10.0,9.0,0.5860026180744171,,,
MultiViewCNN,2,0,1,0.0005,0.0001,0.2,10.0,,,0.586,,
MultiViewCNN,2,1,1,0.0005,0.0001,0.2,10.0,0.0,0.6876045792333542,,,
MultiViewCNN,2,1,1,0.0005,0.0001,0.2,10.0,1.0,0.6781982164229116,,,
MultiViewCNN,2,1,1,0.0005,0.0001,0.2,10.0,2.0,0.6686912409720882,,,
MultiViewCNN,2,1,1,0.0005,0.0001,0.2,10.0,3.0,0.6629624885897483,,,
MultiViewCNN,2,1,1,0.0005,0.0001,0.2,10.0,4.0,0.6525834587312513,,,
MultiViewCNN,2,1,1,0.0005,0.0001,0.2,10.0,5.0,0.6486517344751666,,,
MultiViewCNN,2,1,1,0.0005,0.0001,0.2,10.0,6.0,0.6423243880271912,,,
MultiViewCNN,2,1,1,0.0005,0.0001,0.2,10.0,7.0,0.6376187570633427,,,
MultiViewCNN,2,1,1,0.0005,0.0001,0.2,10.0,8.0,0.6345397618509108,,,
MultiViewCNN,2,1,1,0.0005,0.0001,0.2,10.0,9.0,0.6354321722061403,,,
MultiViewCNN,2,1,1,0.0005,0.0001,0.2,10.0,,,0.6345,,
MultiViewCNN,2,2,1,0.0005,0.0001,0.2,10.0,0.0,0.690588322377974,,,
MultiViewCNN,2,2,1,0.0005,0.0001,0.2,10.0,1.0,0.6826498643044503,,,
MultiViewCNN,2,2,1,0.0005,0.0001,0.2,10.0,2.0,0.6735081018940094,,,
MultiViewCNN,2,2,1,0.0005,0.0001,0.2,10.0,3.0,0.6636193298524425,,,
MultiViewCNN,2,2,1,0.0005,0.0001,0.2,10.0,4.0,0.6586716751898488,,,
MultiViewCNN,2,2,1,0.0005,0.0001,0.2,10.0,5.0,0.6527956935667223,,,
MultiViewCNN,2,2,1,0.0005,0.0001,0.2,10.0,6.0,0.6416636916898912,,,
MultiViewCNN,2,2,1,0.0005,0.0001,0.2,10.0,7.0,0.6360611550269588,,,
MultiViewCNN,2,2,1,0.0005,0.0001,0.2,10.0,8.0,0.6326399407079143,,,
MultiViewCNN,2,2,1,0.0005,0.0001,0.2,10.0,9.0,0.6289959626813089,,,
MultiViewCNN,2,2,1,0.0005,0.0001,0.2,10.0,,,0.629,,
MultiViewCNN,2,2,1,,,,,,,,2.0,0.6165
MultiViewCNN,2,0,2,0.0005,0.0001,0.3,10.0,0.0,0.6926821917295456,,,
MultiViewCNN,2,0,2,0.0005,0.0001,0.3,10.0,1.0,0.6856721043586731,,,
MultiViewCNN,2,0,2,0.0005,0.0001,0.3,10.0,2.0,0.675875186920166,,,
MultiViewCNN,2,0,2,0.0005,0.0001,0.3,10.0,3.0,0.6667856127023697,,,
MultiViewCNN,2,0,2,0.0005,0.0001,0.3,10.0,4.0,0.6615307480096817,,,
MultiViewCNN,2,0,2,0.0005,0.0001,0.3,10.0,5.0,0.654483363032341,,,
MultiViewCNN,2,0,2,0.0005,0.0001,0.3,10.0,6.0,0.6513632386922836,,,
MultiViewCNN,2,0,2,0.0005,0.0001,0.3,10.0,7.0,0.6430800408124924,,,
MultiViewCNN,2,0,2,0.0005,0.0001,0.3,10.0,8.0,0.6326115876436234,,,
MultiViewCNN,2,0,2,0.0005,0.0001,0.3,10.0,9.0,0.627501368522644,,,
MultiViewCNN,2,0,2,0.0005,0.0001,0.3,10.0,,,0.6275,,
MultiViewCNN,2,1,2,0.0005,0.0001,0.3,10.0,0.0,0.6875346418349974,,,
MultiViewCNN,2,1,2,0.0005,0.0001,0.3,10.0,1.0,0.6803657162574029,,,
MultiViewCNN,2,1,2,0.0005,0.0001,0.3,10.0,2.0,0.670646273320721,,,
MultiViewCNN,2,1,2,0.0005,0.0001,0.3,10.0,3.0,0.6618046856695606,,,
MultiViewCNN,2,1,2,0.0005,0.0001,0.3,10.0,4.0,0.657167871152201,,,
MultiViewCNN,2,1,2,0.0005,0.0001,0.3,10.0,5.0,0.6476227083513814,,,
MultiViewCNN,2,1,2,0.0005,0.0001,0.3,10.0,6.0,0.6273953530096239,,,
MultiViewCNN,2,1,2,0.0005,0.0001,0.3,10.0,7.0,0.6092281399234649,,,
MultiViewCNN,2,1,2,0.0005,0.0001,0.3,10.0,8.0,0.6038143288704657,,,
MultiViewCNN,2,1,2,0.0005,0.0001,0.3,10.0,9.0,0.5920357761844512,,,
MultiViewCNN,2,1,2,0.0005,0.0001,0.3,10.0,,,0.592,,
MultiViewCNN,2,2,2,0.0005,0.0001,0.3,10.0,0.0,0.6896156976299901,,,
MultiViewCNN,2,2,2,0.0005,0.0001,0.3,10.0,1.0,0.6828560463843807,,,
MultiViewCNN,2,2,2,0.0005,0.0001,0.3,10.0,2.0,0.673927455179153,,,
MultiViewCNN,2,2,2,0.0005,0.0001,0.3,10.0,3.0,0.6656158931793705,,,
MultiViewCNN,2,2,2,0.0005,0.0001,0.3,10.0,4.0,0.6575433996415907,,,
MultiViewCNN,2,2,2,0.0005,0.0001,0.3,10.0,5.0,0.6505199709246235,,,
MultiViewCNN,2,2,2,0.0005,0.0001,0.3,10.0,6.0,0.6442196234580009,,,
MultiViewCNN,2,2,2,0.0005,0.0001,0.3,10.0,7.0,0.6296444823665004,,,
MultiViewCNN,2,2,2,0.0005,0.0001,0.3,10.0,8.0,0.6279914513711007,,,
MultiViewCNN,2,2,2,0.0005,0.0001,0.3,10.0,9.0,0.6186774046190323,,,
MultiViewCNN,2,2,2,0.0005,0.0001,0.3,10.0,,,0.6187,,
MultiViewCNN,2,2,2,,,,,,,,2.0,0.6127
MultiViewCNN,2,0,3,0.0005,0.0001,0.4,10.0,0.0,0.689087301492691,,,
MultiViewCNN,2,0,3,0.0005,0.0001,0.4,10.0,1.0,0.6824621260166168,,,
MultiViewCNN,2,0,3,0.0005,0.0001,0.4,10.0,2.0,0.6730471700429916,,,
MultiViewCNN,2,0,3,0.0005,0.0001,0.4,10.0,3.0,0.662607729434967,,,
MultiViewCNN,2,0,3,0.0005,0.0001,0.4,10.0,4.0,0.6515862941741943,,,
MultiViewCNN,2,0,3,0.0005,0.0001,0.4,10.0,5.0,0.639311283826828,,,
MultiViewCNN,2,0,3,0.0005,0.0001,0.4,10.0,6.0,0.632298469543457,,,
MultiViewCNN,2,0,3,0.0005,0.0001,0.4,10.0,7.0,0.623335599899292,,,
MultiViewCNN,2,0,3,0.0005,0.0001,0.4,10.0,8.0,0.6147336512804031,,,
MultiViewCNN,2,0,3,0.0005,0.0001,0.4,10.0,9.0,0.5982388705015182,,,
MultiViewCNN,2,0,3,0.0005,0.0001,0.4,10.0,,,0.5982,,
MultiViewCNN,2,1,3,0.0005,0.0001,0.4,10.0,0.0,0.6896624372851464,,,
MultiViewCNN,2,1,3,0.0005,0.0001,0.4,10.0,1.0,0.6842325637417455,,,
MultiViewCNN,2,1,3,0.0005,0.0001,0.4,10.0,2.0,0.6779069804376171,,,
MultiViewCNN,2,1,3,0.0005,0.0001,0.4,10.0,3.0,0.6742540482551821,,,
MultiViewCNN,2,1,3,0.0005,0.0001,0.4,10.0,4.0,0.6739586572493276,,,
MultiViewCNN,2,1,3,0.0005,0.0001,0.4,10.0,5.0,0.664891408335778,,,
MultiViewCNN,2,1,3,0.0005,0.0001,0.4,10.0,6.0,0.6600217242394725,,,
MultiViewCNN,2,1,3,0.0005,0.0001,0.4,10.0,7.0,0.659554656474821,,,
MultiViewCNN,2,1,3,0.0005,0.0001,0.4,10.0,8.0,0.6598093471219463,,,
MultiViewCNN,2,1,3,0.0005,0.0001,0.4,10.0,9.0,0.657251121536378,,,
MultiViewCNN,2,1,3,0.0005,0.0001,0.4,10.0,,,0.6573,,
MultiViewCNN,2,2,3,0.0005,0.0001,0.4,10.0,0.0,0.6929308041449516,,,
MultiViewCNN,2,2,3,0.0005,0.0001,0.4,10.0,1.0,0.6866391416518919,,,
MultiViewCNN,2,2,3,0.0005,0.0001,0.4,10.0,2.0,0.6767888242198575,,,
MultiViewCNN,2,2,3,0.0005,0.0001,0.4,10.0,3.0,0.6673283788465685,,,
MultiViewCNN,2,2,3,0.0005,0.0001,0.4,10.0,4.0,0.6583519154979337,,,
MultiViewCNN,2,2,3,0.0005,0.0001,0.4,10.0,5.0,0.6471542869844744,,,
MultiViewCNN,2,2,3,0.0005,0.0001,0.4,10.0,6.0,0.636435003049912,,,
MultiViewCNN,2,2,3,0.0005,0.0001,0.4,10.0,7.0,0.6285897358771293,,,
MultiViewCNN,2,2,3,0.0005,0.0001,0.4,10.0,8.0,0.6206554385923571,,,
MultiViewCNN,2,2,3,0.0005,0.0001,0.4,10.0,9.0,0.6158428942003558,,,
MultiViewCNN,2,2,3,0.0005,0.0001,0.4,10.0,,,0.6158,,
MultiViewCNN,2,2,3,,,,,,,,2.0,0.6238
MultiViewCNN,2,0,4,0.0005,1e-06,0.2,10.0,0.0,0.6870041638612747,,,
MultiViewCNN,2,0,4,0.0005,1e-06,0.2,10.0,1.0,0.6791364550590515,,,
MultiViewCNN,2,0,4,0.0005,1e-06,0.2,10.0,2.0,0.6686492711305618,,,
MultiViewCNN,2,0,4,0.0005,1e-06,0.2,10.0,3.0,0.6571841686964035,,,
MultiViewCNN,2,0,4,0.0005,1e-06,0.2,10.0,4.0,0.6499907225370407,,,
MultiViewCNN,2,0,4,0.0005,1e-06,0.2,10.0,5.0,0.6458829194307327,,,
MultiViewCNN,2,0,4,0.0005,1e-06,0.2,10.0,6.0,0.6405821144580841,,,
MultiViewCNN,2,0,4,0.0005,1e-06,0.2,10.0,7.0,0.6302260011434555,,,
MultiViewCNN,2,0,4,0.0005,1e-06,0.2,10.0,8.0,0.6209297627210617,,,
MultiViewCNN,2,0,4,0.0005,1e-06,0.2,10.0,9.0,0.6130462065339088,,,
MultiViewCNN,2,0,4,0.0005,1e-06,0.2,10.0,,,0.613,,
MultiViewCNN,2,1,4,0.0005,1e-06,0.2,10.0,0.0,0.6879702825700084,,,
MultiViewCNN,2,1,4,0.0005,1e-06,0.2,10.0,1.0,0.6749401803939573,,,
MultiViewCNN,2,1,4,0.0005,1e-06,0.2,10.0,2.0,0.6570772951649081,,,
MultiViewCNN,2,1,4,0.0005,1e-06,0.2,10.0,3.0,0.646802592662073,,,
MultiViewCNN,2,1,4,0.0005,1e-06,0.2,10.0,4.0,0.6377752404059133,,,
MultiViewCNN,2,1,4,0.0005,1e-06,0.2,10.0,5.0,0.6095526333778135,,,
MultiViewCNN,2,1,4,0.0005,1e-06,0.2,10.0,6.0,0.595341024860259,,,
MultiViewCNN,2,1,4,0.0005,1e-06,0.2,10.0,7.0,0.5791440586889943,,,
MultiViewCNN,2,1,4,0.0005,1e-06,0.2,10.0,8.0,0.5608502338009496,,,
MultiViewCNN,2,1,4,0.0005,1e-06,0.2,10.0,9.0,0.5565186623604067,,,
MultiViewCNN,2,1,4,0.0005,1e-06,0.2,10.0,,,0.5565,,
MultiViewCNN,2,2,4,0.0005,1e-06,0.2,10.0,0.0,0.6899552979776936,,,
MultiViewCNN,2,2,4,0.0005,1e-06,0.2,10.0,1.0,0.6836389533935054,,,
MultiViewCNN,2,2,4,0.0005,1e-06,0.2,10.0,2.0,0.6747466710305983,,,
MultiViewCNN,2,2,4,0.0005,1e-06,0.2,10.0,3.0,0.6625184570589373,,,
MultiViewCNN,2,2,4,0.0005,1e-06,0.2,10.0,4.0,0.6518089636679618,,,
MultiViewCNN,2,2,4,0.0005,1e-06,0.2,10.0,5.0,0.6411094031026286,,,
MultiViewCNN,2,2,4,0.0005,1e-06,0.2,10.0,6.0,0.6391931060821779,,,
MultiViewCNN,2,2,4,0.0005,1e-06,0.2,10.0,7.0,0.641291452992347,,,
MultiViewCNN,2,2,4,0.0005,1e-06,0.2,10.0,8.0,0.6167098360676919,,,
MultiViewCNN,2,2,4,0.0005,1e-06,0.2,10.0,9.0,0.6075944612103124,,,
MultiViewCNN,2,2,4,0.0005,1e-06,0.2,10.0,,,0.6076,,
MultiViewCNN,2,2,4,,,,,,,,2.0,0.5924
MultiViewCNN,2,0,5,0.0002,0.0001,0.2,10.0,0.0,0.6940803974866867,,,
MultiViewCNN,2,0,5,0.0002,0.0001,0.2,10.0,1.0,0.6915394365787506,,,
MultiViewCNN,2,0,5,0.0002,0.0001,0.2,10.0,2.0,0.6861161887645721,,,
MultiViewCNN,2,0,5,0.0002,0.0001,0.2,10.0,3.0,0.6803156733512878,,,
MultiViewCNN,2,0,5,0.0002,0.0001,0.2,10.0,4.0,0.675215020775795,,,
MultiViewCNN,2,0,5,0.0002,0.0001,0.2,10.0,5.0,0.670878678560257,,,
MultiViewCNN,2,0,5,0.0002,0.0001,0.2,10.0,6.0,0.667362704873085,,,
MultiViewCNN,2,0,5,0.0002,0.0001,0.2,10.0,7.0,0.6629724949598312,,,
MultiViewCNN,2,0,5,0.0002,0.0001,0.2,10.0,8.0,0.6581340879201889,,,
MultiViewCNN,2,0,5,0.0002,0.0001,0.2,10.0,9.0,0.6532518416643143,,,
MultiViewCNN,2,0,5,0.0002,0.0001,0.2,10.0,,,0.6533,,
MultiViewCNN,2,1,5,0.0002,0.0001,0.2,10.0,0.0,0.6920444946135244,,,
MultiViewCNN,2,1,5,0.0002,0.0001,0.2,10.0,1.0,0.6903554201126099,,,
MultiViewCNN,2,1,5,0.0002,0.0001,0.2,10.0,2.0,0.6870590429152211,,,
MultiViewCNN,2,1,5,0.0002,0.0001,0.2,10.0,3.0,0.68249915107604,,,
MultiViewCNN,2,1,5,0.0002,0.0001,0.2,10.0,4.0,0.6773308592457925,,,
MultiViewCNN,2,1,5,0.0002,0.0001,0.2,10.0,5.0,0.6726788551576676,,,
MultiViewCNN,2,1,5,0.0002,0.0001,0.2,10.0,6.0,0.6673503383513419,,,
MultiViewCNN,2,1,5,0.0002,0.0001,0.2,10.0,7.0,0.6645018516048309,,,
MultiViewCNN,2,1,5,0.0002,0.0001,0.2,10.0,8.0,0.6625753045082092,,,
MultiViewCNN,2,1,5,0.0002,0.0001,0.2,10.0,9.0,0.6579989502506871,,,
MultiViewCNN,2,1,5,0.0002,0.0001,0.2,10.0,,,0.658,,
MultiViewCNN,2,2,5,0.0002,0.0001,0.2,10.0,0.0,0.687401867681934,,,
MultiViewCNN,2,2,5,0.0002,0.0001,0.2,10.0,1.0,0.6852517301036466,,,
MultiViewCNN,2,2,5,0.0002,0.0001,0.2,10.0,2.0,0.6816500752202926,,,
MultiViewCNN,2,2,5,0.0002,0.0001,0.2,10.0,3.0,0.6770124877652814,,,
MultiViewCNN,2,2,5,0.0002,0.0001,0.2,10.0,4.0,0.6727161388243398,,,
MultiViewCNN,2,2,5,0.0002,0.0001,0.2,10.0,5.0,0.6680687166029408,,,
MultiViewCNN,2,2,5,0.0002,0.0001,0.2,10.0,6.0,0.6642368974224213,,,
MultiViewCNN,2,2,5,0.0002,0.0001,0.2,10.0,7.0,0.6603414416313171,,,
MultiViewCNN,2,2,5,0.0002,0.0001,0.2,10.0,8.0,0.6563614279993119,,,
MultiViewCNN,2,2,5,0.0002,0.0001,0.2,10.0,9.0,0.6534896781367641,,,
MultiViewCNN,2,2,5,0.0002,0.0001,0.2,10.0,,,0.6535,,
MultiViewCNN,2,2,5,,,,,,,,2.0,0.6549
MultiViewCNN,2,0,6,0.0008,0.0001,0.2,10.0,0.0,0.6827468723058701,,,
MultiViewCNN,2,0,6,0.0008,0.0001,0.2,10.0,1.0,0.6639446169137955,,,
MultiViewCNN,2,0,6,0.0008,0.0001,0.2,10.0,2.0,0.643784373998642,,,
MultiViewCNN,2,0,6,0.0008,0.0001,0.2,10.0,3.0,0.62476646900177,,,
MultiViewCNN,2,0,6,0.0008,0.0001,0.2,10.0,4.0,0.6039886474609375,,,
MultiViewCNN,2,0,6,0.0008,0.0001,0.2,10.0,5.0,0.5793469548225403,,,
MultiViewCNN,2,0,6,0.0008,0.0001,0.2,10.0,6.0,0.5728545784950256,,,
MultiViewCNN,2,0,6,0.0008,0.0001,0.2,10.0,7.0,0.576058492064476,,,
MultiViewCNN,2,0,6,0.0008,0.0001,0.2,10.0,8.0,0.5768641754984856,,,
MultiViewCNN,2,0,6,0.0008,0.0001,0.2,10.0,9.0,0.5506897047162056,,,
MultiViewCNN,2,0,6,0.0008,0.0001,0.2,10.0,,,0.5507,,
MultiViewCNN,2,1,6,0.0008,0.0001,0.2,10.0,0.0,0.6893916533839318,,,
MultiViewCNN,2,1,6,0.0008,0.0001,0.2,10.0,1.0,0.6784640569840709,,,
MultiViewCNN,2,1,6,0.0008,0.0001,0.2,10.0,2.0,0.6684186285541903,,,
MultiViewCNN,2,1,6,0.0008,0.0001,0.2,10.0,3.0,0.6652427930985728,,,
MultiViewCNN,2,1,6,0.0008,0.0001,0.2,10.0,4.0,0.6390164898287866,,,
MultiViewCNN,2,1,6,0.0008,0.0001,0.2,10.0,5.0,0.638672165332302,,,
MultiViewCNN,2,1,6,0.0008,0.0001,0.2,10.0,6.0,0.6166523022036399,,,
MultiViewCNN,2,1,6,0.0008,0.0001,0.2,10.0,7.0,0.6195906862135856,,,
MultiViewCNN,2,1,6,0.0008,0.0001,0.2,10.0,8.0,0.646181212317559,,,
MultiViewCNN,2,1,6,0.0008,0.0001,0.2,10.0,9.0,0.6642178297042847,,,
MultiViewCNN,2,1,6,0.0008,0.0001,0.2,10.0,,,0.6167,,
MultiViewCNN,2,2,6,0.0008,0.0001,0.2,10.0,0.0,0.6865595656056558,,,
MultiViewCNN,2,2,6,0.0008,0.0001,0.2,10.0,1.0,0.6741218874531407,,,
MultiViewCNN,2,2,6,0.0008,0.0001,0.2,10.0,2.0,0.6591814314165423,,,
MultiViewCNN,2,2,6,0.0008,0.0001,0.2,10.0,3.0,0.6460471191713887,,,
MultiViewCNN,2,2,6,0.0008,0.0001,0.2,10.0,4.0,0.6315345706478241,,,
MultiViewCNN,2,2,6,0.0008,0.0001,0.2,10.0,5.0,0.6174433615899855,,,
MultiViewCNN,2,2,6,0.0008,0.0001,0.2,10.0,6.0,0.6834500739651341,,,
MultiViewCNN,2,2,6,0.0008,0.0001,0.2,10.0,7.0,0.6431157204412645,,,
MultiViewCNN,2,2,6,0.0008,0.0001,0.2,10.0,8.0,0.5916586191423477,,,
MultiViewCNN,2,2,6,0.0008,0.0001,0.2,10.0,9.0,0.573866440403846,,,
MultiViewCNN,2,2,6,0.0008,0.0001,0.2,10.0,,,0.5739,,
MultiViewCNN,2,2,6,,,,,,,,2.0,0.5804
MultiViewCNN,2,2,9,0.0008,1e-06,0.2,10.0,0.0,0.6805720627307892,,,
MultiViewCNN,2,2,9,0.0008,1e-06,0.2,10.0,1.0,0.6714445054531097,,,
MultiViewCNN,2,2,9,0.0008,1e-06,0.2,10.0,2.0,0.6621211022138596,,,
MultiViewCNN,2,2,9,0.0008,1e-06,0.2,10.0,3.0,0.6500382125377655,,,
MultiViewCNN,2,2,9,0.0008,1e-06,0.2,10.0,4.0,0.6407872587442398,,,
MultiViewCNN,2,2,9,0.0008,1e-06,0.2,10.0,5.0,0.6421809643507004,,,
MultiViewCNN,2,2,9,0.0008,1e-06,0.2,10.0,6.0,0.6507541537284851,,,
MultiViewCNN,2,2,9,0.0008,1e-06,0.2,10.0,7.0,0.6101385951042175,,,
MultiViewCNN,2,2,9,0.0008,1e-06,0.2,10.0,8.0,0.598895899951458,,,
MultiViewCNN,2,2,9,0.0008,1e-06,0.2,10.0,9.0,0.5960675403475761,,,
MultiViewCNN,2,2,9,0.0008,1e-06,0.2,10.0,,,0.5961,,
MultiViewCNN,2,2,9,0.0008,1e-06,0.2,10.0,0.0,0.6842978885096889,,,
MultiViewCNN,2,2,9,0.0008,1e-06,0.2,10.0,1.0,0.6742697877268637,,,
MultiViewCNN,2,2,9,0.0008,1e-06,0.2,10.0,2.0,0.6636480400639195,,,
MultiViewCNN,2,2,9,0.0008,1e-06,0.2,10.0,3.0,0.655054061643539,,,
MultiViewCNN,2,2,9,0.0008,1e-06,0.2,10.0,4.0,0.6488988168777958,,,
MultiViewCNN,2,2,9,0.0008,1e-06,0.2,10.0,5.0,0.6366062568080041,,,
MultiViewCNN,2,2,9,0.0008,1e-06,0.2,10.0,6.0,0.6249444234755731,,,
MultiViewCNN,2,2,9,0.0008,1e-06,0.2,10.0,7.0,0.6206569344766678,,,
MultiViewCNN,2,2,9,0.0008,1e-06,0.2,10.0,8.0,0.6754083210422147,,,
MultiViewCNN,2,2,9,0.0008,1e-06,0.2,10.0,9.0,0.6049175300905781,,,
MultiViewCNN,2,2,9,0.0008,1e-06,0.2,10.0,,,0.6049,,
MultiViewCNN,2,2,9,0.0008,1e-06,0.2,10.0,0.0,0.6882379554933117,,,
MultiViewCNN,2,2,9,0.0008,1e-06,0.2,10.0,1.0,0.677829006025868,,,
MultiViewCNN,2,2,9,0.0008,1e-06,0.2,10.0,2.0,0.6688259397783587,,,
MultiViewCNN,2,2,9,0.0008,1e-06,0.2,10.0,3.0,0.6605991509652906,,,
MultiViewCNN,2,2,9,0.0008,1e-06,0.2,10.0,4.0,0.6516148371081198,,,
MultiViewCNN,2,2,9,0.0008,1e-06,0.2,10.0,5.0,0.6426316192073207,,,
MultiViewCNN,2,2,9,0.0008,1e-06,0.2,10.0,6.0,0.6345212863337609,,,
MultiViewCNN,2,2,9,0.0008,1e-06,0.2,10.0,7.0,0.64581698179245,,,
MultiViewCNN,2,2,9,0.0008,1e-06,0.2,10.0,8.0,0.6241241828087838,,,
MultiViewCNN,2,2,9,0.0008,1e-06,0.2,10.0,9.0,0.6210195306808718,,,
MultiViewCNN,2,2,9,0.0008,1e-06,0.2,10.0,,,0.621,,
MultiViewCNN,2,2,9,,,,,,,,2.0,0.6073
MultiViewCNN,3,0,1,0.0005,0.0001,0.2,10.0,0.0,0.6877084076404572,,,
MultiViewCNN,3,0,1,0.0005,0.0001,0.2,10.0,1.0,0.6739232391119003,,,
MultiViewCNN,3,0,1,0.0005,0.0001,0.2,10.0,2.0,0.6527301222085953,,,
MultiViewCNN,3,0,1,0.0005,0.0001,0.2,10.0,3.0,0.6320445537567139,,,
MultiViewCNN,3,0,1,0.0005,0.0001,0.2,10.0,4.0,0.6127049028873444,,,
MultiViewCNN,3,0,1,0.0005,0.0001,0.2,10.0,5.0,0.6033999770879745,,,
MultiViewCNN,3,0,1,0.0005,0.0001,0.2,10.0,6.0,0.5862247347831726,,,
MultiViewCNN,3,0,1,0.0005,0.0001,0.2,10.0,7.0,0.571716919541359,,,
MultiViewCNN,3,0,1,0.0005,0.0001,0.2,10.0,8.0,0.5687353610992432,,,
MultiViewCNN,3,0,1,0.0005,0.0001,0.2,10.0,9.0,0.5677699446678162,,,
MultiViewCNN,3,0,1,0.0005,0.0001,0.2,10.0,,,0.5678,,
MultiViewCNN,3,1,1,0.0005,0.0001,0.2,10.0,0.0,0.6924445686801788,,,
MultiViewCNN,3,1,1,0.0005,0.0001,0.2,10.0,1.0,0.6832772089589026,,,
MultiViewCNN,3,1,1,0.0005,0.0001,0.2,10.0,2.0,0.6762465988436053,,,
MultiViewCNN,3,1,1,0.0005,0.0001,0.2,10.0,3.0,0.663773569368547,,,
MultiViewCNN,3,1,1,0.0005,0.0001,0.2,10.0,4.0,0.6604856252670288,,,
MultiViewCNN,3,1,1,0.0005,0.0001,0.2,10.0,5.0,0.6643349643676512,,,
MultiViewCNN,3,1,1,0.0005,0.0001,0.2,10.0,6.0,0.655889182321487,,,
MultiViewCNN,3,1,1,0.0005,0.0001,0.2,10.0,7.0,0.6310171119628414,,,
MultiViewCNN,3,1,1,0.0005,0.0001,0.2,10.0,8.0,0.6224635974053414,,,
MultiViewCNN,3,1,1,0.0005,0.0001,0.2,10.0,9.0,0.6112504265000743,,,
MultiViewCNN,3,1,1,0.0005,0.0001,0.2,10.0,,,0.6113,,
MultiViewCNN,3,2,1,0.0005,0.0001,0.2,10.0,0.0,0.6867262990243973,,,
MultiViewCNN,3,2,1,0.0005,0.0001,0.2,10.0,1.0,0.6809193222753464,,,
MultiViewCNN,3,2,1,0.0005,0.0001,0.2,10.0,2.0,0.6709753447963346,,,
MultiViewCNN,3,2,1,0.0005,0.0001,0.2,10.0,3.0,0.6591809468884622,,,
MultiViewCNN,3,2,1,0.0005,0.0001,0.2,10.0,4.0,0.6460131560602496,,,
MultiViewCNN,3,2,1,0.0005,0.0001,0.2,10.0,5.0,0.632361150556995,,,
MultiViewCNN,3,2,1,0.0005,0.0001,0.2,10.0,6.0,0.6234179177591878,,,
MultiViewCNN,3,2,1,0.0005,0.0001,0.2,10.0,7.0,0.6128295313927435,,,
MultiViewCNN,3,2,1,0.0005,0.0001,0.2,10.0,8.0,0.6041576497016414,,,
MultiViewCNN,3,2,1,0.0005,0.0001,0.2,10.0,9.0,0.5902624534022424,,,
MultiViewCNN,3,2,1,0.0005,0.0001,0.2,10.0,,,0.5903,,
MultiViewCNN,3,3,1,,,,,,,,3.0,0.5898
MultiViewCNN,3,0,2,0.0005,0.0001,0.3,10.0,0.0,0.6888421922922134,,,
MultiViewCNN,3,0,2,0.0005,0.0001,0.3,10.0,1.0,0.6821858435869217,,,
MultiViewCNN,3,0,2,0.0005,0.0001,0.3,10.0,2.0,0.6723229140043259,,,
MultiViewCNN,3,0,2,0.0005,0.0001,0.3,10.0,3.0,0.6626733839511871,,,
MultiViewCNN,3,0,2,0.0005,0.0001,0.3,10.0,4.0,0.6520945429801941,,,
MultiViewCNN,3,0,2,0.0005,0.0001,0.3,10.0,5.0,0.6426790803670883,,,
MultiViewCNN,3,0,2,0.0005,0.0001,0.3,10.0,6.0,0.632341593503952,,,
MultiViewCNN,3,0,2,0.0005,0.0001,0.3,10.0,7.0,0.6184941083192825,,,
MultiViewCNN,3,0,2,0.0005,0.0001,0.3,10.0,8.0,0.6011885702610016,,,
MultiViewCNN,3,0,2,0.0005,0.0001,0.3,10.0,9.0,0.5929406881332397,,,
MultiViewCNN,3,0,2,0.0005,0.0001,0.3,10.0,,,0.5929,,
MultiViewCNN,3,1,2,0.0005,0.0001,0.3,10.0,0.0,0.6999076989389235,,,
MultiViewCNN,3,1,2,0.0005,0.0001,0.3,10.0,1.0,0.6910109366140058,,,
MultiViewCNN,3,1,2,0.0005,0.0001,0.3,10.0,2.0,0.6824356932793895,,,
MultiViewCNN,3,1,2,0.0005,0.0001,0.3,10.0,3.0,0.6771873677930524,,,
MultiViewCNN,3,1,2,0.0005,0.0001,0.3,10.0,4.0,0.671971567215458,,,
MultiViewCNN,3,1,2,0.0005,0.0001,0.3,10.0,5.0,0.6679628702902025,,,
MultiViewCNN,3,1,2,0.0005,0.0001,0.3,10.0,6.0,0.6589302978207988,,,
MultiViewCNN,3,1,2,0.0005,0.0001,0.3,10.0,7.0,0.6564538613442452,,,
MultiViewCNN,3,1,2,0.0005,0.0001,0.3,10.0,8.0,0.6456458972346398,,,
MultiViewCNN,3,1,2,0.0005,0.0001,0.3,10.0,9.0,0.6413552934123624,,,
MultiViewCNN,3,1,2,0.0005,0.0001,0.3,10.0,,,0.6414,,
MultiViewCNN,3,2,2,0.0005,0.0001,0.3,10.0,0.0,0.6923433369205844,,,
MultiViewCNN,3,2,2,0.0005,0.0001,0.3,10.0,1.0,0.6837214827537537,,,
MultiViewCNN,3,2,2,0.0005,0.0001,0.3,10.0,2.0,0.6720132635485742,,,
MultiViewCNN,3,2,2,0.0005,0.0001,0.3,10.0,3.0,0.6593381762504578,,,
MultiViewCNN,3,2,2,0.0005,0.0001,0.3,10.0,4.0,0.648235147999179,,,
MultiViewCNN,3,2,2,0.0005,0.0001,0.3,10.0,5.0,0.6393601990515186,,,
MultiViewCNN,3,2,2,0.0005,0.0001,0.3,10.0,6.0,0.6291938347201194,,,
MultiViewCNN,3,2,2,0.0005,0.0001,0.3,10.0,7.0,0.6246548218111838,,,
MultiViewCNN,3,2,2,0.0005,0.0001,0.3,10.0,8.0,0.6148180615517401,,,
MultiViewCNN,3,2,2,0.0005,0.0001,0.3,10.0,9.0,0.6113081420621564,,,
MultiViewCNN,3,2,2,0.0005,0.0001,0.3,10.0,,,0.6113,,
MultiViewCNN,3,3,2,,,,,,,,3.0,0.6152
MultiViewCNN,3,0,3,0.0005,0.0001,0.4,10.0,0.0,0.6855477690696716,,,
MultiViewCNN,3,0,3,0.0005,0.0001,0.4,10.0,1.0,0.6767281144857407,,,
MultiViewCNN,3,0,3,0.0005,0.0001,0.4,10.0,2.0,0.6658754795789719,,,
MultiViewCNN,3,0,3,0.0005,0.0001,0.4,10.0,3.0,0.6523454785346985,,,
MultiViewCNN,3,0,3,0.0005,0.0001,0.4,10.0,4.0,0.6413803398609161,,,
MultiViewCNN,3,0,3,0.0005,0.0001,0.4,10.0,5.0,0.6357922554016113,,,
MultiViewCNN,3,0,3,0.0005,0.0001,0.4,10.0,6.0,0.622457355260849,,,
MultiViewCNN,3,0,3,0.0005,0.0001,0.4,10.0,7.0,0.6179012507200241,,,
MultiViewCNN,3,0,3,0.0005,0.0001,0.4,10.0,8.0,0.6007950752973557,,,
MultiViewCNN,3,0,3,0.0005,0.0001,0.4,10.0,9.0,0.5914360731840134,,,
MultiViewCNN,3,0,3,0.0005,0.0001,0.4,10.0,,,0.5914,,
MultiViewCNN,3,1,3,0.0005,0.0001,0.4,10.0,0.0,0.687090277671814,,,
MultiViewCNN,3,1,3,0.0005,0.0001,0.4,10.0,1.0,0.6828254672788805,,,
MultiViewCNN,3,1,3,0.0005,0.0001,0.4,10.0,2.0,0.6780157704507151,,,
MultiViewCNN,3,1,3,0.0005,0.0001,0.4,10.0,3.0,0.6734560593481986,,,
MultiViewCNN,3,1,3,0.0005,0.0001,0.4,10.0,4.0,0.6717727914933236,,,
MultiViewCNN,3,1,3,0.0005,0.0001,0.4,10.0,5.0,0.6677580821898675,,,
MultiViewCNN,3,1,3,0.0005,0.0001,0.4,10.0,6.0,0.662491008158653,,,
MultiViewCNN,3,1,3,0.0005,0.0001,0.4,10.0,7.0,0.6617336792330588,,,
MultiViewCNN,3,1,3,0.0005,0.0001,0.4,10.0,8.0,0.6546569678091234,,,
MultiViewCNN,3,1,3,0.0005,0.0001,0.4,10.0,9.0,0.6516215128283347,,,
MultiViewCNN,3,1,3,0.0005,0.0001,0.4,10.0,,,0.6516,,
MultiViewCNN,3,2,3,0.0005,0.0001,0.4,10.0,0.0,0.6930275559425354,,,
MultiViewCNN,3,2,3,0.0005,0.0001,0.4,10.0,1.0,0.6874937434350291,,,
MultiViewCNN,3,2,3,0.0005,0.0001,0.4,10.0,2.0,0.6784174230790907,,,
MultiViewCNN,3,2,3,0.0005,0.0001,0.4,10.0,3.0,0.6669913472667817,,,
MultiViewCNN,3,2,3,0.0005,0.0001,0.4,10.0,4.0,0.6532324475626792,,,
MultiViewCNN,3,2,3,0.0005,0.0001,0.4,10.0,5.0,0.6417723740300825,,,
MultiViewCNN,3,2,3,0.0005,0.0001,0.4,10.0,6.0,0.6282652731864683,,,
MultiViewCNN,3,2,3,0.0005,0.0001,0.4,10.0,7.0,0.6240672296093356,,,
MultiViewCNN,3,2,3,0.0005,0.0001,0.4,10.0,8.0,0.6090681052977039,,,
MultiViewCNN,3,2,3,0.0005,0.0001,0.4,10.0,9.0,0.5984167033626188,,,
MultiViewCNN,3,2,3,0.0005,0.0001,0.4,10.0,,,0.5984,,
MultiViewCNN,3,3,3,,,,,,,,3.0,0.6138
MultiViewCNN,3,0,4,0.0005,1e-06,0.2,10.0,0.0,0.6885058283805847,,,
MultiViewCNN,3,0,4,0.0005,1e-06,0.2,10.0,1.0,0.6857289522886276,,,
MultiViewCNN,3,0,4,0.0005,1e-06,0.2,10.0,2.0,0.6799534559249878,,,
MultiViewCNN,3,0,4,0.0005,1e-06,0.2,10.0,3.0,0.6710589528083801,,,
MultiViewCNN,3,0,4,0.0005,1e-06,0.2,10.0,4.0,0.6643531769514084,,,
MultiViewCNN,3,0,4,0.0005,1e-06,0.2,10.0,5.0,0.6578689217567444,,,
MultiViewCNN,3,0,4,0.0005,1e-06,0.2,10.0,6.0,0.6506644785404205,,,
MultiViewCNN,3,0,4,0.0005,1e-06,0.2,10.0,7.0,0.6445174515247345,,,
MultiViewCNN,3,0,4,0.0005,1e-06,0.2,10.0,8.0,0.6413467526435852,,,
MultiViewCNN,3,0,4,0.0005,1e-06,0.2,10.0,9.0,0.632180318236351,,,
MultiViewCNN,3,0,4,0.0005,1e-06,0.2,10.0,,,0.6322,,
MultiViewCNN,3,1,4,0.0005,1e-06,0.2,10.0,0.0,0.6886450590625885,,,
MultiViewCNN,3,1,4,0.0005,1e-06,0.2,10.0,1.0,0.680198690583629,,,
MultiViewCNN,3,1,4,0.0005,1e-06,0.2,10.0,2.0,0.6712650137562906,,,
MultiViewCNN,3,1,4,0.0005,1e-06,0.2,10.0,3.0,0.6685587783013621,,,
MultiViewCNN,3,1,4,0.0005,1e-06,0.2,10.0,4.0,0.6570848245774547,,,
MultiViewCNN,3,1,4,0.0005,1e-06,0.2,10.0,5.0,0.647884597701411,,,
MultiViewCNN,3,1,4,0.0005,1e-06,0.2,10.0,6.0,0.6399078561413672,,,
MultiViewCNN,3,1,4,0.0005,1e-06,0.2,10.0,7.0,0.6340956264926542,,,
MultiViewCNN,3,1,4,0.0005,1e-06,0.2,10.0,8.0,0.6230061131138955,,,
MultiViewCNN,3,1,4,0.0005,1e-06,0.2,10.0,9.0,0.6211654082421334,,,
MultiViewCNN,3,1,4,0.0005,1e-06,0.2,10.0,,,0.6212,,
MultiViewCNN,3,2,4,0.0005,1e-06,0.2,10.0,0.0,0.6889485601455935,,,
MultiViewCNN,3,2,4,0.0005,1e-06,0.2,10.0,1.0,0.6745458572141586,,,
MultiViewCNN,3,2,4,0.0005,1e-06,0.2,10.0,2.0,0.6569391219846664,,,
MultiViewCNN,3,2,4,0.0005,1e-06,0.2,10.0,3.0,0.6429460644721985,,,
MultiViewCNN,3,2,4,0.0005,1e-06,0.2,10.0,4.0,0.6231140609710447,,,
MultiViewCNN,3,2,4,0.0005,1e-06,0.2,10.0,5.0,0.6123331400655931,,,
MultiViewCNN,3,2,4,0.0005,1e-06,0.2,10.0,6.0,0.6056761068682517,,,
MultiViewCNN,3,2,4,0.0005,1e-06,0.2,10.0,7.0,0.5894959780477709,,,
MultiViewCNN,3,2,4,0.0005,1e-06,0.2,10.0,8.0,0.5809524616887493,,,
MultiViewCNN,3,2,4,0.0005,1e-06,0.2,10.0,9.0,0.564165920980515,,,
MultiViewCNN,3,2,4,0.0005,1e-06,0.2,10.0,,,0.5642,,
MultiViewCNN,3,3,4,,,,,,,,3.0,0.6058
MultiViewCNN,3,0,5,0.0002,0.0001,0.2,10.0,0.0,0.694483682513237,,,
MultiViewCNN,3,0,5,0.0002,0.0001,0.2,10.0,1.0,0.6904056966304779,,,
MultiViewCNN,3,0,5,0.0002,0.0001,0.2,10.0,2.0,0.6847200691699982,,,
MultiViewCNN,3,0,5,0.0002,0.0001,0.2,10.0,3.0,0.6778363734483719,,,
MultiViewCNN,3,0,5,0.0002,0.0001,0.2,10.0,4.0,0.6714669018983841,,,
MultiViewCNN,3,0,5,0.0002,0.0001,0.2,10.0,5.0,0.6583479940891266,,,
MultiViewCNN,3,0,5,0.0002,0.0001,0.2,10.0,6.0,0.647666335105896,,,
MultiViewCNN,3,0,5,0.0002,0.0001,0.2,10.0,7.0,0.6377861052751541,,,
MultiViewCNN,3,0,5,0.0002,0.0001,0.2,10.0,8.0,0.6304083317518234,,,
MultiViewCNN,3,0,5,0.0002,0.0001,0.2,10.0,9.0,0.6217383295297623,,,
MultiViewCNN,3,0,5,0.0002,0.0001,0.2,10.0,,,0.6217,,
MultiViewCNN,3,1,5,0.0002,0.0001,0.2,10.0,0.0,0.6868539683280452,,,
MultiViewCNN,3,1,5,0.0002,0.0001,0.2,10.0,1.0,0.6832110651077763,,,
MultiViewCNN,3,1,5,0.0002,0.0001,0.2,10.0,2.0,0.6779038675369755,,,
MultiViewCNN,3,1,5,0.0002,0.0001,0.2,10.0,3.0,0.6728322102177527,,,
MultiViewCNN,3,1,5,0.0002,0.0001,0.2,10.0,4.0,0.6692557796355216,,,
MultiViewCNN,3,1,5,0.0002,0.0001,0.2,10.0,5.0,0.6649143965013565,,,
MultiViewCNN,3,1,5,0.0002,0.0001,0.2,10.0,6.0,0.6607517273195328,,,
MultiViewCNN,3,1,5,0.0002,0.0001,0.2,10.0,7.0,0.6557424875997728,,,
MultiViewCNN,3,1,5,0.0002,0.0001,0.2,10.0,8.0,0.6549728512763977,,,
MultiViewCNN,3,1,5,0.0002,0.0001,0.2,10.0,9.0,0.6534115018383149,,,
MultiViewCNN,3,1,5,0.0002,0.0001,0.2,10.0,,,0.6534,,
MultiViewCNN,3,2,5,0.0002,0.0001,0.2,10.0,0.0,0.6874157113413657,,,
MultiViewCNN,3,2,5,0.0002,0.0001,0.2,10.0,1.0,0.682689610988863,,,
MultiViewCNN,3,2,5,0.0002,0.0001,0.2,10.0,2.0,0.6745908779482688,,,
MultiViewCNN,3,2,5,0.0002,0.0001,0.2,10.0,3.0,0.6662296268247789,,,
MultiViewCNN,3,2,5,0.0002,0.0001,0.2,10.0,4.0,0.6572113748519651,,,
MultiViewCNN,3,2,5,0.0002,0.0001,0.2,10.0,5.0,0.6493462247233237,,,
MultiViewCNN,3,2,5,0.0002,0.0001,0.2,10.0,6.0,0.6394491157224101,,,
MultiViewCNN,3,2,5,0.0002,0.0001,0.2,10.0,7.0,0.6299821042245434,,,
MultiViewCNN,3,2,5,0.0002,0.0001,0.2,10.0,8.0,0.6216013316185244,,,
MultiViewCNN,3,2,5,0.0002,0.0001,0.2,10.0,9.0,0.6138879003063324,,,
MultiViewCNN,3,2,5,0.0002,0.0001,0.2,10.0,,,0.6139,,
MultiViewCNN,3,3,5,,,,,,,,3.0,0.6297
MultiViewCNN,3,0,6,0.0008,0.0001,0.2,10.0,0.0,0.6869787722826004,,,
MultiViewCNN,3,0,6,0.0008,0.0001,0.2,10.0,1.0,0.6778249144554138,,,
MultiViewCNN,3,0,6,0.0008,0.0001,0.2,10.0,2.0,0.6626122742891312,,,
MultiViewCNN,3,0,6,0.0008,0.0001,0.2,10.0,3.0,0.6440331637859344,,,
MultiViewCNN,3,0,6,0.0008,0.0001,0.2,10.0,4.0,0.628780260682106,,,
MultiViewCNN,3,0,6,0.0008,0.0001,0.2,10.0,5.0,0.6123335510492325,,,
MultiViewCNN,3,0,6,0.0008,0.0001,0.2,10.0,6.0,0.597733199596405,,,
MultiViewCNN,3,0,6,0.0008,0.0001,0.2,10.0,7.0,0.5763432383537292,,,
MultiViewCNN,3,0,6,0.0008,0.0001,0.2,10.0,8.0,0.557218387722969,,,
MultiViewCNN,3,0,6,0.0008,0.0001,0.2,10.0,0.0,0.6853781193494797,,,
MultiViewCNN,3,0,6,0.0008,0.0001,0.2,10.0,1.0,0.6705732643604279,,,
MultiViewCNN,3,0,6,0.0008,0.0001,0.2,10.0,2.0,0.6502561867237091,,,
MultiViewCNN,3,0,6,0.0008,0.0001,0.2,10.0,3.0,0.632250189781189,,,
MultiViewCNN,3,0,6,0.0008,0.0001,0.2,10.0,4.0,0.6057948470115662,,,
MultiViewCNN,3,0,6,0.0008,0.0001,0.2,10.0,5.0,0.6253263503313065,,,
MultiViewCNN,3,0,6,0.0008,0.0001,0.2,10.0,6.0,0.5716843605041504,,,
MultiViewCNN,3,0,6,0.0008,0.0001,0.2,10.0,7.0,0.5741202533245087,,,
MultiViewCNN,3,0,6,0.0008,0.0001,0.2,10.0,8.0,0.517653226852417,,,
MultiViewCNN,3,0,6,0.0008,0.0001,0.2,10.0,9.0,0.6927651613950729,,,
MultiViewCNN,3,0,6,0.0008,0.0001,0.2,10.0,,,0.5177,,
MultiViewCNN,3,1,6,0.0008,0.0001,0.2,10.0,0.0,0.6875758651764162,,,
MultiViewCNN,3,1,6,0.0008,0.0001,0.2,10.0,1.0,0.6749940476109905,,,
MultiViewCNN,3,1,6,0.0008,0.0001,0.2,10.0,2.0,0.6682814013573432,,,
MultiViewCNN,3,1,6,0.0008,0.0001,0.2,10.0,3.0,0.667821591900241,,,
MultiViewCNN,3,1,6,0.0008,0.0001,0.2,10.0,4.0,0.6637721619298381,,,
MultiViewCNN,3,1,6,0.0008,0.0001,0.2,10.0,5.0,0.652696761392778,,,
MultiViewCNN,3,1,6,0.0008,0.0001,0.2,10.0,6.0,0.652304345561612,,,
MultiViewCNN,3,1,6,0.0008,0.0001,0.2,10.0,7.0,0.6590185684542502,,,
MultiViewCNN,3,1,6,0.0008,0.0001,0.2,10.0,8.0,0.637926588135381,,,
MultiViewCNN,3,1,6,0.0008,0.0001,0.2,10.0,9.0,0.675730493760878,,,
MultiViewCNN,3,1,6,0.0008,0.0001,0.2,10.0,,,0.6379,,
MultiViewCNN,3,2,6,0.0008,0.0001,0.2,10.0,0.0,0.6854253449747639,,,
MultiViewCNN,3,2,6,0.0008,0.0001,0.2,10.0,1.0,0.6749952723903041,,,
MultiViewCNN,3,2,6,0.0008,0.0001,0.2,10.0,2.0,0.6559338858050685,,,
MultiViewCNN,3,2,6,0.0008,0.0001,0.2,10.0,3.0,0.636267892775997,,,
MultiViewCNN,3,2,6,0.0008,0.0001,0.2,10.0,4.0,0.6139549612998962,,,
MultiViewCNN,3,2,6,0.0008,0.0001,0.2,10.0,5.0,0.596744018216287,,,
MultiViewCNN,3,2,6,0.0008,0.0001,0.2,10.0,6.0,0.5804681201134959,,,
MultiViewCNN,3,2,6,0.0008,0.0001,0.2,10.0,7.0,0.5912653515415807,,,
MultiViewCNN,3,2,6,0.0008,0.0001,0.2,10.0,8.0,0.58646140175481,,,
MultiViewCNN,3,2,6,0.0008,0.0001,0.2,10.0,9.0,0.5491764583895283,,,
MultiViewCNN,3,2,6,0.0008,0.0001,0.2,10.0,,,0.5492,,
MultiViewCNN,3,3,6,,,,,,,,3.0,0.5683
MultiViewCNN,3,2,9,0.0008,1e-06,0.2,10.0,0.0,0.6880568414926529,,,
MultiViewCNN,3,2,9,0.0008,1e-06,0.2,10.0,1.0,0.6782174408435822,,,
MultiViewCNN,3,2,9,0.0008,1e-06,0.2,10.0,2.0,0.6643982976675034,,,
MultiViewCNN,3,2,9,0.0008,1e-06,0.2,10.0,3.0,0.6459577828645706,,,
MultiViewCNN,3,2,9,0.0008,1e-06,0.2,10.0,4.0,0.6223950237035751,,,
MultiViewCNN,3,2,9,0.0008,1e-06,0.2,10.0,5.0,0.6076567322015762,,,
MultiViewCNN,3,2,9,0.0008,1e-06,0.2,10.0,6.0,0.5965887606143951,,,
MultiViewCNN,3,2,9,0.0008,1e-06,0.2,10.0,7.0,0.5562985241413116,,,
MultiViewCNN,3,2,9,0.0008,1e-06,0.2,10.0,8.0,0.530927412211895,,,
MultiViewCNN,3,2,9,0.0008,1e-06,0.2,10.0,9.0,0.5588890612125397,,,
MultiViewCNN,3,2,9,0.0008,1e-06,0.2,10.0,,,0.5309,,
MultiViewCNN,3,2,9,0.0008,1e-06,0.2,10.0,0.0,0.6777815030467126,,,
MultiViewCNN,3,2,9,0.0008,1e-06,0.2,10.0,1.0,0.6639771288441073,,,
MultiViewCNN,3,2,9,0.0008,1e-06,0.2,10.0,2.0,0.6515514293024617,,,
MultiViewCNN,3,2,9,0.0008,1e-06,0.2,10.0,3.0,0.6494354278810562,,,
MultiViewCNN,3,2,9,0.0008,1e-06,0.2,10.0,4.0,0.6286267715115701,,,
MultiViewCNN,3,2,9,0.0008,1e-06,0.2,10.0,5.0,0.6167464871560374,,,
MultiViewCNN,3,2,9,0.0008,1e-06,0.2,10.0,6.0,0.6003098257126347,,,
MultiViewCNN,3,2,9,0.0008,1e-06,0.2,10.0,7.0,0.5951055422905953,,,
MultiViewCNN,3,2,9,0.0008,1e-06,0.2,10.0,8.0,0.5877037634772639,,,
MultiViewCNN,3,2,9,0.0008,1e-06,0.2,10.0,9.0,0.6292202674573467,,,
MultiViewCNN,3,2,9,0.0008,1e-06,0.2,10.0,,,0.5877,,
MultiViewCNN,3,2,9,0.0008,1e-06,0.2,10.0,0.0,0.6880017999679812,,,
MultiViewCNN,3,2,9,0.0008,1e-06,0.2,10.0,1.0,0.6709132617519747,,,
MultiViewCNN,3,2,9,0.0008,1e-06,0.2,10.0,2.0,0.650884461018347,,,
MultiViewCNN,3,2,9,0.0008,1e-06,0.2,10.0,3.0,0.6301598798844122,,,
MultiViewCNN,3,2,9,0.0008,1e-06,0.2,10.0,4.0,0.6083635399418492,,,
MultiViewCNN,3,2,9,0.0008,1e-06,0.2,10.0,5.0,0.588442950479446,,,
MultiViewCNN,3,2,9,0.0008,1e-06,0.2,10.0,6.0,0.5650739208344491,,,
MultiViewCNN,3,2,9,0.0008,1e-06,0.2,10.0,7.0,0.5474008225625561,,,
MultiViewCNN,3,2,9,0.0008,1e-06,0.2,10.0,8.0,0.5201501019539372,,,
MultiViewCNN,3,2,9,0.0008,1e-06,0.2,10.0,9.0,0.5097483627257808,,,
MultiViewCNN,3,2,9,0.0008,1e-06,0.2,10.0,,,0.5097,,
MultiViewCNN,3,3,9,,,,,,,,3.0,0.5428
